"Player","Team","REC","YDS","TDS","ATT","YDS","TDS","FL","FPTS"
" ","","",""
"Ja'Marr Chase","CIN","7.1","96.3","0.8","0.1","0.7","0.0","0.0","14.2"
"Justin Jefferson","MIN","6.5","96.5","0.6","0.0","0.0","0.0","0.0","13.0"
"Nico Collins","HOU","6.0","87.6","0.5","0.0","0.1","0.0","0.0","11.8"
"CeeDee Lamb","DAL","6.7","85.3","0.5","0.4","2.6","0.0","0.1","11.6"
"Brian Thomas Jr.","JAC","5.5","79.7","0.6","0.1","1.2","0.0","0.0","11.6"
"Malik Nabers","NYG","6.6","83.6","0.5","0.1","0.7","0.0","0.0","11.5"
"Mike Evans","SF","5.6","73.7","0.7","0.0","0.0","0.0","0.0","11.3"
"Puka Nacua","LAR","6.1","81.7","0.4","0.5","2.5","0.0","0.0","11.0"
"A.J. Brown","NE","5.3","77.2","0.5","0.0","0.0","0.0","0.0","11.0"
"Amon-Ra St. Brown","DET","6.6","75.4","0.5","0.1","0.6","0.0","0.0","10.7"
"Drake London","ATL","5.9","76.6","0.5","0.0","0.1","0.0","0.0","10.4"
"Ladd McConkey","LAC","5.6","75.0","0.4","0.0","0.1","0.0","0.0","10.1"
"Tee Higgins","CIN","5.2","69.0","0.6","0.0","0.0","0.0","0.1","10.1"
"Xavier Worthy","KC","5.2","64.1","0.5","0.7","4.2","0.1","0.0","10.1"
"Terry McLaurin","WAS","5.0","66.9","0.5","0.1","0.3","0.0","0.0","10.0"
"Courtland Sutton","DEN","4.9","64.6","0.5","0.0","0.0","0.0","0.1","9.4"
"Davante Adams","LAR","5.0","65.9","0.5","0.0","0.0","0.0","0.0","9.4"
"DK Metcalf","PIT","4.5","68.6","0.4","0.0","0.0","0.0","0.1","9.4"
"Jaxon Smith-Njigba","SEA","5.6","67.5","0.4","0.2","1.1","0.0","0.0","9.2"
"Zay Flowers","BAL","5.1","66.4","0.4","0.3","2.3","0.0","0.0","9.2"
"Marvin Harrison Jr.","ARI","4.5","65.7","0.4","0.0","0.2","0.0","0.1","9.0"
"Jerry Jeudy","CLE","5.3","73.3","0.3","0.0","0.2","0.0","0.0","9.0"
"DeVonta Smith","PHI","4.8","61.7","0.5","0.0","0.1","0.0","0.0","8.8"
"Emeka Egbuka","TB","4.8","60.5","0.4","0.1","0.7","0.0","0.1","8.5"
"Jameson Williams","DET","3.7","58.4","0.3","0.9","4.5","0.0","0.0","8.4"
"DJ Moore","BUF","5.0","60.3","0.4","0.4","2.1","0.0","0.1","8.3"
"Tetairoa McMillan","CAR","4.7","63.3","0.3","0.0","0.4","0.0","0.1","8.3"
"George Pickens","DAL","4.2","61.6","0.4","0.1","0.3","0.0","0.1","8.2"
"Jaylen Waddle","DEN","4.9","63.6","0.3","0.2","0.9","0.0","0.0","8.2"
"Ricky Pearsall","SF","4.6","59.3","0.3","0.3","2.3","0.0","0.0","8.1"
"Garrett Wilson","NYJ","5.3","63.7","0.3","0.1","0.8","0.0","0.1","8.0"
"Calvin Ridley","TEN","4.1","59.2","0.3","0.2","1.3","0.0","0.0","7.9"
"Jakobi Meyers","JAC","4.9","60.1","0.3","0.1","0.5","0.0","0.0","7.8"
"Travis Hunter","JAC","4.2","54.4","0.4","0.3","1.5","0.0","0.1","7.7"
"Jauan Jennings","MIN","4.5","56.4","0.3","0.1","0.6","0.0","0.0","7.5"
"Matthew Golden","GB","4.1","55.4","0.3","0.0","0.5","0.0","0.1","7.5"
"Chris Olave","NO","4.7","59.8","0.3","0.0","0.2","0.0","0.1","7.4"
"Cooper Kupp","SEA","4.6","52.6","0.4","0.1","0.5","0.0","0.0","7.4"
"Rome Odunze","CHI","4.0","54.3","0.3","0.1","0.4","0.0","0.1","7.2"
"Michael Pittman Jr.","PIT","4.9","55.1","0.3","0.0","0.1","0.0","0.1","7.2"
"Rashid Shaheed","SEA","3.5","52.6","0.3","0.4","2.1","0.0","0.1","7.1"
"Keon Coleman","BUF","3.3","50.0","0.3","0.0","0.2","0.0","0.0","6.8"
"Khalil Shakir","BUF","4.4","51.4","0.3","0.0","0.2","0.0","0.0","6.7"
"Jayden Reed","GB","3.1","42.3","0.3","0.7","5.1","0.0","0.0","6.6"
"Josh Downs","IND","4.2","47.5","0.3","0.0","0.2","0.0","0.0","6.4"
"Rashod Bateman","BAL","3.2","45.0","0.3","0.0","0.1","0.0","0.0","6.4"
"Marvin Mims Jr.","DEN","3.3","43.2","0.3","0.5","2.3","0.0","0.0","6.4"
"Hollywood Brown","PHI","3.7","45.7","0.3","0.0","0.2","0.0","0.0","6.3"
"Cedric Tillman","CLE","3.6","45.0","0.3","0.0","0.0","0.0","0.1","6.1"
"Xavier Legette","CAR","3.3","39.6","0.3","0.4","1.7","0.0","0.0","5.7"
"Keenan Allen","LAC","3.4","40.1","0.3","0.0","0.1","0.0","0.0","5.5"
"Romeo Doubs","NE","3.1","39.9","0.3","0.0","0.0","0.0","0.0","5.5"
"DeMario Douglas","NE","3.6","39.4","0.2","0.1","1.2","0.0","0.0","5.3"
"Wan'Dale Robinson","TEN","4.0","38.1","0.2","0.1","1.2","0.0","0.0","5.1"
"Jayden Higgins","HOU","3.0","39.4","0.2","0.0","0.2","0.0","0.0","5.1"
"Joshua Palmer","BUF","2.8","38.5","0.2","0.0","0.0","0.0","0.0","5.1"
"Jalen Nailor","LV","2.3","32.0","0.2","0.1","0.3","0.0","0.0","4.6"
"Michael Wilson","ARI","2.6","32.9","0.2","0.1","0.5","0.0","0.0","4.6"
"Calvin Austin III","NYG","2.4","32.6","0.2","0.1","0.8","0.0","0.0","4.6"
"Tyler Lockett","LV","3.0","35.0","0.2","0.0","0.0","0.0","0.0","4.6"
"Alec Pierce","IND","1.9","31.6","0.2","0.0","0.0","0.0","0.0","4.5"
"DeAndre Hopkins","BAL","2.3","28.3","0.3","0.0","0.1","0.0","0.0","4.4"
"Darius Slayton","NYG","2.0","31.5","0.2","0.1","0.4","0.0","0.0","4.3"
"Tre Tucker","LV","2.2","29.2","0.2","0.3","1.7","0.0","0.0","4.2"
"Dont'e Thornton Jr.","LV","2.6","31.2","0.2","0.0","0.1","0.0","0.0","4.1"
"Nick Westbrook-Ikhine","IND","2.0","27.2","0.2","0.0","0.1","0.0","0.0","4.1"
"Quentin Johnston","LAC","2.1","27.8","0.2","0.1","0.3","0.0","0.0","4.0"
"Tory Horton","SEA","2.4","28.9","0.2","0.1","0.5","0.0","0.1","3.8"
"JuJu Smith-Schuster","NYG","2.4","26.8","0.2","0.0","0.0","0.0","0.0","3.7"
"Christian Kirk","SF","2.0","27.5","0.2","0.0","0.0","0.0","0.0","3.7"
"Kayshon Boutte","NE","1.9","26.3","0.2","0.0","0.1","0.0","0.0","3.6"
"Andrei Iosivas","CIN","1.8","23.0","0.2","0.0","0.0","0.0","0.0","3.6"
"Dyami Brown","WAS","2.1","27.6","0.1","0.0","0.4","0.0","0.0","3.6"
"KaVontae Turpin","DAL","1.6","19.2","0.1","0.9","5.6","0.0","0.0","3.3"
"Troy Franklin","DEN","1.9","22.1","0.2","0.1","0.4","0.0","0.0","3.3"
"Tutu Atwell","MIA","1.9","25.7","0.1","0.2","1.1","0.0","0.0","3.3"
"Jalen Tolbert","MIA","1.9","22.3","0.2","0.0","0.0","0.0","0.0","3.3"
"Luther Burden III","CHI","1.8","22.2","0.1","0.2","1.4","0.0","0.0","3.2"
"Tre' Harris","LAC","1.8","23.1","0.1","0.1","0.4","0.0","0.0","3.0"
"Elic Ayomanor","TEN","2.0","23.2","0.1","0.0","0.3","0.0","0.0","3.0"
"Jamari Thrash","CLE","1.8","22.0","0.1","0.0","0.1","0.0","0.0","3.0"
"Malik Washington","MIA","1.9","19.8","0.1","0.2","1.1","0.0","0.1","2.8"
"Devaughn Vele","NO","1.9","21.3","0.1","0.0","0.1","0.0","0.0","2.8"
"Greg Dortch","DET","1.7","18.5","0.1","0.3","1.8","0.0","0.0","2.8"
"Jaylin Noel","HOU","1.7","21.4","0.1","0.0","0.5","0.0","0.0","2.8"
"Dontayvion Wicks","PHI","1.4","18.1","0.2","0.0","0.1","0.0","0.0","2.8"
"Jordan Whittington","LAR","1.7","20.1","0.1","0.1","0.8","0.0","0.0","2.7"
"Kyle Williams","NE","1.6","19.2","0.1","0.1","0.8","0.0","0.0","2.7"
"Pat Bryant","DEN","1.5","18.0","0.1","0.1","0.2","0.0","0.0","2.6"
"Xavier Hutchinson","HOU","1.5","19.1","0.1","0.0","0.2","0.0","0.0","2.6"
"David Moore","CAR","1.5","19.3","0.1","0.0","0.0","0.0","0.0","2.6"
"Van Jefferson","WAS","1.5","19.2","0.1","0.0","0.0","0.0","0.0","2.5"
"Parker Washington","JAC","1.3","15.8","0.1","0.0","0.2","0.0","0.0","2.4"
"Isaac TeSlaa","DET","1.5","17.3","0.1","0.0","0.0","0.0","0.0","2.4"
"Olamide Zaccheaus","ATL","1.5","17.4","0.1","0.1","0.3","0.0","0.0","2.3"
"Adonai Mitchell","NYJ","1.3","16.8","0.1","0.2","0.5","0.0","0.0","2.3"
"Mack Hollins","NE","1.1","13.7","0.1","0.0","0.1","0.0","0.0","2.1"
"Tyquan Thornton","KC","1.2","14.5","0.1","0.0","0.7","0.0","0.0","2.1"
"Marquez Valdes-Scantling","DAL","0.8","16.1","0.1","0.1","0.1","0.0","0.0","2.1"
"Elijah Moore","PHI","1.1","12.6","0.1","0.0","0.0","0.0","0.0","1.7"
"Arian Smith","NYJ","1.2","13.5","0.1","0.0","0.2","0.0","0.0","1.7"
"Tyler Johnson","DAL","1.1","12.6","0.1","0.0","0.0","0.0","0.0","1.6"
"Justin Watson","HOU","0.7","11.1","0.1","0.0","0.0","0.0","0.0","1.6"
"Ryan Miller","NYG","0.8","10.2","0.1","0.0","0.0","0.0","0.0","1.5"
"Lucky Jackson","DET","0.8","11.9","0.1","0.1","0.4","0.0","0.1","1.4"
"Jahan Dotson","ATL","0.8","9.8","0.1","0.0","0.1","0.0","0.0","1.4"
"Skyy Moore","GB","0.8","10.4","0.0","0.1","0.4","0.0","0.0","1.4"
"Jack Bech","LV","0.9","10.2","0.1","0.0","0.1","0.0","0.0","1.3"
"Xavier Gipson","NYG","0.9","11.1","0.1","0.0","0.3","0.0","0.0","1.3"
"Tai Felton","MIN","0.7","8.7","0.1","0.0","0.1","0.0","0.0","1.2"
"Chimere Dike","TEN","0.8","8.5","0.0","0.1","0.5","0.0","0.0","1.2"
"Mitch Tinsley","CIN","0.6","7.7","0.1","0.0","0.0","0.0","0.0","1.1"
"Cody White","SEA","0.7","8.4","0.0","0.0","0.0","0.0","0.0","1.1"
"Isaiah Bond","CLE","0.7","7.8","0.0","0.0","0.0","0.0","0.0","1.0"
"Kalif Raymond","CHI","0.6","7.5","0.0","0.0","0.3","0.0","0.0","1.0"
"Jalin Hyatt","NYG","0.5","6.8","0.0","0.0","0.0","0.0","0.0","0.9"
"Devontez Walker","BAL","0.5","5.7","0.0","0.0","0.1","0.0","0.0","0.9"
"Tylan Wallace","CLE","0.5","5.7","0.0","0.0","0.1","0.0","0.0","0.8"
"Luke McCaffrey","WAS","0.6","6.0","0.0","0.0","0.0","0.0","0.0","0.8"
"Tez Johnson","TB","0.6","5.8","0.0","0.0","0.1","0.0","0.0","0.8"
"Kendrick Bourne","ARI","0.4","4.5","0.0","0.0","0.9","0.0","0.0","0.8"
"Savion Williams","GB","0.4","4.8","0.0","0.3","0.9","0.0","0.0","0.8"
"Mason Tipton","NO","0.5","5.5","0.0","0.0","0.0","0.0","0.0","0.8"
"Brycen Tremayne","CAR","0.5","5.8","0.0","0.0","0.0","0.0","0.0","0.7"
"KeAndre Lambert-Smith","LAC","0.4","4.4","0.0","0.0","0.1","0.0","0.0","0.6"
"Charlie Jones","CIN","0.4","4.4","0.0","0.0","0.1","0.0","0.0","0.6"
"Jaylin Lane","WAS","0.2","2.2","0.0","0.1","0.8","0.0","0.0","0.5"
"Derius Davis","LAC","0.2","2.2","0.0","0.6","1.6","0.0","0.0","0.4"
"Ben Skowronek","PIT","0.3","3.0","0.0","0.0","0.0","0.0","0.0","0.4"
"Trent Sherfield Sr.","BUF","0.3","2.8","0.0","0.0","0.0","0.0","0.0","0.3"
"Bryce Oliver","TEN","0.2","2.2","0.0","0.0","0.0","0.0","0.0","0.3"
"John Metchie III","CAR","0.2","2.1","0.0","0.0","0.0","0.0","0.0","0.3"
"Ashton Dulin","IND","0.2","1.7","0.0","0.0","0.3","0.0","0.0","0.2"
"Anthony Gould","IND","0.2","1.8","0.0","0.0","0.1","0.0","0.0","0.2"
"Tyrell Shavers","BUF","0.1","1.2","0.0","0.0","0.0","0.0","0.0","0.2"
"Konata Mumpfield","LAR","0.1","1.2","0.0","0.0","0.0","0.0","0.0","0.2"
"Xavier Smith","LAR","0.1","1.1","0.0","0.1","0.9","0.0","0.0","0.2"
"Nikko Remigio","KC","0.1","1.7","0.0","0.0","0.0","0.0","0.0","0.2"
"Scotty Miller","CHI","0.1","1.1","0.0","0.0","0.0","0.0","0.0","0.2"
"Devin Duvernay","ARI","0.1","0.9","0.0","0.0","0.2","0.0","0.0","0.1"
"Odell Beckham Jr.","NYG","0.0","0.0","0.0","0.0","0.0","0.0","0.0","0.0"
"Phillip Dorsett II","LV","0.0","0.0","0.0","0.0","0.0","0.0","0.0","0.0"
"Laquon Treadwell","IND","0.0","0.0","0.0","0.0","0.0","0.0","0.0","0.0"
"Chris Moore","BAL","0.0","0.0","0.0","0.0","0.0","0.0","0.0","0.0"
"Demarcus Robinson","SF","0.0","0.0","0.0","0.0","0.0","0.0","0.0","0.0"
"Chris Godwin Jr.","TB","0.0","0.0","0.0","0.0","0.0","0.0","0.0","0.0"
"Tim Patrick","NYJ","0.0","0.0","0.0","0.0","0.0","0.0","0.0","0.0"
"Cedrick Wilson Jr.","DET","0.0","0.0","0.0","0.0","0.0","0.0","0.0","0.0"
"Dante Pettis","NO","0.0","0.0","0.0","0.0","0.0","0.0","0.0","0.0"
"Braxton Berrios","NYG","0.0","0.0","0.0","0.0","0.0","0.0","0.0","0.0"
"David Sills V","TB","0.0","0.0","0.0","0.0","0.0","0.0","0.0","0.0"
"Mecole Hardman Jr.","BUF","0.0","0.0","0.0","0.0","0.0","0.0","0.0","0.0"
"Lil'Jordan Humphrey","DEN","0.0","0.0","0.0","0.0","0.0","0.0","0.0","0.0"
"Alex Bachman","LV","0.0","0.0","0.0","0.0","0.0","0.0","0.0","0.0"
"Tom Kennedy","DET","0.0","0.0","0.0","0.0","0.0","0.0","0.0","0.0"
"Gunner Olszewski","NYG","0.0","0.0","0.0","0.0","0.0","0.0","0.0","0.0"
"Jalen Reagor","MIA","0.0","0.0","0.0","0.0","0.0","0.0","0.0","0.0"
"Brandon Aiyuk","SF","0.0","0.0","0.0","0.0","0.0","0.0","0.0","0.0"
"Isaiah Hodgins","NYG","0.0","0.0","0.0","0.0","0.0","0.0","0.0","0.0"
"Tarik Black","DET","0.0","0.0","0.0","0.0","0.0","0.0","0.0","0.0"
"Mason Kinsey","TEN","0.0","0.0","0.0","0.0","0.0","0.0","0.0","0.0"
"K.J. Osborn","TEN","0.0","0.0","0.0","0.0","0.0","0.0","0.0","0.0"
"Quez Watkins","PHI","0.0","0.0","0.0","0.0","0.0","0.0","0.0","0.0"
"Darnell Mooney","NYG","0.0","0.0","0.0","0.0","0.0","0.0","0.0","0.0"
"Dan Chisena","CAR","0.0","0.0","0.0","0.0","0.0","0.0","0.0","0.0"
"Ihmir Smith-Marsette","ARI","0.0","0.0","0.0","0.0","0.0","0.0","0.0","0.0"
"Seth Williams","LV","0.0","0.0","0.0","0.0","0.0","0.0","0.0","0.0"
"Chris Blair","ATL","0.0","0.0","0.0","0.0","0.0","0.0","0.0","0.0"
"Treylon Burks","WAS","0.0","0.0","0.0","0.0","0.0","0.0","0.0","0.0"
"Beaux Collins","NYG","0.0","0.0","0.0","0.0","0.0","0.0","0.0","0.0"
"Malik Cunningham","DET","0.0","0.0","0.0","0.0","0.0","0.0","0.0","0.0"
"Ronnie Bell","NO","0.0","0.0","0.0","0.0","0.0","0.0","0.0","0.0"
"Cornelius Johnson","BAL","0.0","0.0","0.0","0.0","0.0","0.0","0.0","0.0"
"Jonathan Mingo","DAL","0.0","0.0","0.0","0.0","0.0","0.0","0.0","0.0"
"Kevin Austin Jr.","NO","0.0","0.0","0.0","0.0","0.0","0.0","0.0","0.0"
"Jordan Addison","MIN","0.0","0.0","0.0","0.0","0.0","0.0","0.0","0.0"
"Rashee Rice","KC","0.0","0.0","0.0","0.0","0.0","0.0","0.0","0.0"
"Ainias Smith","CAR","0.0","0.0","0.0","0.0","0.0","0.0","0.0","0.0"
"Jalen McMillan","TB","0.0","0.0","0.0","0.0","0.0","0.0","0.0","0.0"
"Simi Fehoko","ARI","0.0","0.0","0.0","0.0","0.0","0.0","0.0","0.0"
"Terrace Marshall Jr.","MIA","0.0","0.0","0.0","0.0","0.0","0.0","0.0","0.0"
"Austin Trammell","JAC","0.0","0.0","0.0","0.0","0.0","0.0","0.0","0.0"
"Brandon Smith","PIT","0.0","0.0","0.0","0.0","0.0","0.0","0.0","0.0"
"Tim Jones","JAC","0.0","0.0","0.0","0.0","0.0","0.0","0.0","0.0"
"Michael Bandy","DEN","0.0","0.0","0.0","0.0","0.0","0.0","0.0","0.0"
"Erik Ezukanma","PHI","0.0","0.0","0.0","0.0","0.0","0.0","0.0","0.0"
"Samori Toure","PHI","0.0","0.0","0.0","0.0","0.0","0.0","0.0","0.0"
"Christian Watson","GB","0.0","0.0","0.0","0.0","0.0","0.0","0.0","0.0"
"Michael Woods II","DEN","0.0","0.0","0.0","0.0","0.0","0.0","0.0","0.0"
"Xavier Weaver","ARI","0.0","0.0","0.0","0.0","0.0","0.0","0.0","0.0"
"Tay Martin","DET","0.0","0.0","0.0","0.0","0.0","0.0","0.0","0.0"
"Danny Gray","PHI","0.0","0.0","0.0","0.0","0.0","0.0","0.0","0.0"
"Jalen Virgil","BUF","0.0","0.0","0.0","0.0","0.0","0.0","0.0","0.0"
"Brandon Johnson","LV","0.0","0.0","0.0","0.0","0.0","0.0","0.0","0.0"
"Britain Covey","PHI","0.0","0.0","0.0","0.0","0.0","0.0","0.0","0.0"
"A.T. Perry","PIT","0.0","0.0","0.0","0.0","0.0","0.0","0.0","0.0"
"Dareke Young","LV","0.0","0.0","0.0","0.0","0.0","0.0","0.0","0.0"
"Lance McCutcheon","TEN","0.0","0.0","0.0","0.0","0.0","0.0","0.0","0.0"
"Kaden Davis","CHI","0.0","0.0","0.0","0.0","0.0","0.0","0.0","0.0"
"Kendric Pryor","CIN","0.0","0.0","0.0","0.0","0.0","0.0","0.0","0.0"
"Dennis Houston","TB","0.0","0.0","0.0","0.0","0.0","0.0","0.0","0.0"
"Irv Charles","SEA","0.0","0.0","0.0","0.0","0.0","0.0","0.0","0.0"
"Maurice Alexander","CHI","0.0","0.0","0.0","0.0","0.0","0.0","0.0","0.0"
"Jacob Cowing","SF","0.0","0.0","0.0","0.0","0.0","0.0","0.0","0.0"
"Johnny Wilson","PHI","0.0","0.0","0.0","0.0","0.0","0.0","0.0","0.0"
"Trey Palmer","NO","0.0","0.0","0.0","0.0","0.0","0.0","0.0","0.0"
"Jake Bobo","SEA","0.0","0.0","0.0","0.0","0.0","0.0","0.0","0.0"
"Jalen Moreno-Cropper","NO","0.0","0.0","0.0","0.0","0.0","0.0","0.0","0.0"
"Tank Dell","HOU","0.0","0.0","0.0","0.0","0.0","0.0","0.0","0.0"
"Tyler Scott","LAR","0.0","0.0","0.0","0.0","0.0","0.0","0.0","0.0"
"Colton Dowell","SF","0.0","0.0","0.0","0.0","0.0","0.0","0.0","0.0"
"Jalen Brooks","ARI","0.0","0.0","0.0","0.0","0.0","0.0","0.0","0.0"
"Jared Wayne","HOU","0.0","0.0","0.0","0.0","0.0","0.0","0.0","0.0"
"Shedrick Jackson","LV","0.0","0.0","0.0","0.0","0.0","0.0","0.0","0.0"
"Jason Brownlee","KC","0.0","0.0","0.0","0.0","0.0","0.0","0.0","0.0"
"Dylan Drummond","ATL","0.0","0.0","0.0","0.0","0.0","0.0","0.0","0.0"
"Dominic Lovett","DET","0.0","0.0","0.0","0.0","0.0","0.0","0.0","0.0"
"Isaiah Neyor","GB","0.0","0.0","0.0","0.0","0.0","0.0","0.0","0.0"
"Malachi Corley","CLE","0.0","0.0","0.0","0.0","0.0","0.0","0.0","0.0"
"Ja'Lynn Polk","NO","0.0","0.0","0.0","0.0","0.0","0.0","0.0","0.0"
"Brenden Rice","GB","0.0","0.0","0.0","0.0","0.0","0.0","0.0","0.0"
"Bub Means","NO","0.0","0.0","0.0","0.0","0.0","0.0","0.0","0.0"
"Jha'Quan Jackson","HOU","0.0","0.0","0.0","0.0","0.0","0.0","0.0","0.0"
"Tahj Washington","MIA","0.0","0.0","0.0","0.0","0.0","0.0","0.0","0.0"
"Ryan Flournoy","DAL","0.0","0.0","0.0","0.0","0.0","0.0","0.0","0.0"
"Jalen Coker","CAR","0.0","0.0","0.0","0.0","0.0","0.0","0.0","0.0"
"Tejhaun Palmer","ARI","0.0","0.0","0.0","0.0","0.0","0.0","0.0","0.0"
"Kameron Johnson","TB","0.0","0.0","0.0","0.0","0.0","0.0","0.0","0.0"
"Xavier Restrepo","TEN","0.0","0.0","0.0","0.0","0.0","0.0","0.0","0.0"
"Jalen Royals","KC","0.0","0.0","0.0","0.0","0.0","0.0","0.0","0.0"
"Ricky White III","SEA","0.0","0.0","0.0","0.0","0.0","0.0","0.0","0.0"
"Nick Nash","WAS","0.0","0.0","0.0","0.0","0.0","0.0","0.0","0.0"
"Jimmy Horn Jr.","CAR","0.0","0.0","0.0","0.0","0.0","0.0","0.0","0.0"
"Efton Chism III","NE","0.0","0.0","0.0","0.0","0.0","0.0","0.0","0.0"
"LaJohntay Wester","BAL","0.0","0.0","0.0","0.0","0.0","0.0","0.0","0.0"
"Jordan Watkins","SF","0.0","0.0","0.0","0.0","0.0","0.0","0.0","0.0"
"Junior Bergen","SF","0.0","0.0","0.0","0.0","0.0","0.0","0.0","0.0"
"Gage Larvadain","CLE","0.0","0.0","0.0","0.0","0.0","0.0","0.0","0.0"
""
""