"RK",TIERS,"PLAYER NAME",TEAM,"POS","BYE WEEK","UPSIDE ","BUST ","SOS SEASON","ECR VS. ADP","AVG. DIFF ","% OVER "
"1",1,"Bijan Robinson",ATL,"RB1","11","Coach Upside rating","Coach Bust rating","2 out of 5 stars","0","+2.1","56% (9/16)"
"2",1,"Jahmyr Gibbs",DET,"RB2","6","Coach Upside rating","Coach Bust rating","5 out of 5 stars","0","+1.9","50% (8/16)"
"3",1,"Ja'Marr Chase",CIN,"WR1","6","Coach Upside rating","Coach Bust rating","4 out of 5 stars","0","-0.3","40% (6/15)"
"4",1,"Puka Nacua",LAR,"WR2","11","Coach Upside rating","Coach Bust rating","1 out of 5 stars","0","+2.6","60% (9/15)"
"5",1,"Jaxon Smith-Njigba",SEA,"WR3","11","Coach Upside rating","Coach Bust rating","3 out of 5 stars","+1","+2.4","62% (10/16)"
"6",1,"Amon-Ra St. Brown",DET,"WR4","6","Coach Upside rating","Coach Bust rating","4 out of 5 stars","+2","-0.1","37% (6/16)"
"7",1,"Christian McCaffrey",SF,"RB3","8","Coach Upside rating","Coach Bust rating","2 out of 5 stars","-2","+2.8","75% (12/16)"
"8",2,"Jonathan Taylor",IND,"RB4","13","Coach Upside rating","Coach Bust rating","4 out of 5 stars","-1","+2.6","43% (7/16)"
"9",2,"CeeDee Lamb",DAL,"WR5","14","Coach Upside rating","Coach Bust rating","2 out of 5 stars","+1","-2.4","38% (5/13)"
"10",2,"Justin Jefferson",MIN,"WR6","6","Coach Upside rating","Coach Bust rating","5 out of 5 stars","+2","-4.0","25% (4/16)"
"11",2,"James Cook III",BUF,"RB5","7","Coach Upside rating","Coach Bust rating","2 out of 5 stars","-2","+2.2","62% (10/16)"
"12",2,"Ashton Jeanty",LV,"RB6","13","Coach Upside rating","Coach Bust rating","2 out of 5 stars","-1","-0.6","43% (7/16)"
"13",2,"Drake London",ATL,"WR7","11","Coach Upside rating","Coach Bust rating","3 out of 5 stars","+4","+0.9","45% (5/11)"
"14",2,"A.J. Brown",NE,"WR8","11","Coach Upside rating","Coach Bust rating","2 out of 5 stars","+9","-0.1","46% (7/15)"
"15",3,"Brock Bowers",LV,"TE1","13","Coach Upside rating","Coach Bust rating","3 out of 5 stars","+3","-","-"
"16",3,"De'Von Achane",MIA,"RB7","6","Coach Upside rating","Coach Bust rating","3 out of 5 stars","-3","+0.1","31% (5/16)"
"17",3,"Chase Brown",CIN,"RB8","6","Coach Upside rating","Coach Bust rating","2 out of 5 stars","-2","+2.0","56% (9/16)"
"18",3,"Nico Collins",HOU,"WR9","8","Coach Upside rating","Coach Bust rating","3 out of 5 stars","+6","-0.5","46% (7/15)"
"19",3,"Saquon Barkley",PHI,"RB9","10","Coach Upside rating","Coach Bust rating","4 out of 5 stars","-5","-2.1","37% (6/16)"
"20",3,"Omarion Hampton",LAC,"RB10","7","Coach Upside rating","Coach Bust rating","3 out of 5 stars","-4","+0.7","55% (5/9)"
"21",3,"George Pickens",DAL,"WR10","14","Coach Upside rating","Coach Bust rating","2 out of 5 stars","+5","+2.4","43% (7/16)"
"22",3,"Trey McBride",ARI,"TE2","14","Coach Upside rating","Coach Bust rating","2 out of 5 stars","-3","+2.2","56% (9/16)"
"23",3,"Derrick Henry",BAL,"RB11","13","Coach Upside rating","Coach Bust rating","3 out of 5 stars","-1","+1.4","43% (7/16)"
"24",3,"Kenneth Walker III",KC,"RB12","5","Coach Upside rating","Coach Bust rating","3 out of 5 stars","-3","-1.4","25% (4/16)"
"25",3,"Rashee Rice",KC,"WR11","5","Coach Upside rating","Coach Bust rating","2 out of 5 stars","+5","-","-"
"26",3,"Josh Allen",BUF,"QB1","7","Coach Upside rating","Coach Bust rating","3 out of 5 stars","-6","+0.7","50% (8/16)"
"27",3,"Chris Olave",NO,"WR12","8","Coach Upside rating","Coach Bust rating","3 out of 5 stars","+1","+2.4","50% (8/16)"
"28",3,"DeVonta Smith",PHI,"WR13","10","Coach Upside rating","Coach Bust rating","4 out of 5 stars","+4","-1.0","37% (6/16)"
"29",4,"Zay Flowers",BAL,"WR14","13","Coach Upside rating","Coach Bust rating","4 out of 5 stars","+12","-0.4","37% (6/16)"
"30",4,"Tee Higgins",CIN,"WR15","6","Coach Upside rating","Coach Bust rating","4 out of 5 stars","+8","+0.9","50% (7/14)"
"31",4,"Tetairoa McMillan",CAR,"WR16","5","Coach Upside rating","Coach Bust rating","2 out of 5 stars","+5","-0.3","37% (6/16)"
"32",4,"Jeremiyah Love",ARI,"RB13","14","Coach Upside rating","Coach Bust rating","2 out of 5 stars","-7","-","-"
"33",4,"Kyren Williams",LAR,"RB14","11","Coach Upside rating","Coach Bust rating","5 out of 5 stars","-4","+0.9","56% (9/16)"
"34",4,"Lamar Jackson",BAL,"QB2","13","Coach Upside rating","Coach Bust rating","3 out of 5 stars","0","-4.4","41% (5/12)"
"35",4,"Josh Jacobs",GB,"RB15","11","Coach Upside rating","Coach Bust rating","4 out of 5 stars","-8","-1.7","40% (6/15)"
"36",4,"Garrett Wilson",NYJ,"WR17","13","Coach Upside rating","Coach Bust rating","4 out of 5 stars","+6","-","-"
"37",4,"Drake Maye",NE,"QB3","11","Coach Upside rating","Coach Bust rating","2 out of 5 stars","+12","+1.5","56% (9/16)"
"38",4,"Breece Hall",NYJ,"RB16","13","Coach Upside rating","Coach Bust rating","3 out of 5 stars","-5","-1.2","43% (7/16)"
"39",4,"Emeka Egbuka",TB,"WR18","10","Coach Upside rating","Coach Bust rating","4 out of 5 stars","+4","-1.4","31% (5/16)"
"40",4,"Ladd McConkey",LAC,"WR19","7","Coach Upside rating","Coach Bust rating","2 out of 5 stars","+5","-2.1","43% (7/16)"
"41",4,"Colston Loveland",CHI,"TE3","10","Coach Upside rating","Coach Bust rating","2 out of 5 stars","-1","+1.9","53% (8/15)"
"42",4,"Javonte Williams",DAL,"RB17","14","Coach Upside rating","Coach Bust rating","4 out of 5 stars","-11","+0.9","56% (9/16)"
"43",4,"Jaylen Waddle",DEN,"WR20","10","Coach Upside rating","Coach Bust rating","2 out of 5 stars","+9","-1.0","43% (7/16)"
"44",4,"Malik Nabers",NYG,"WR21","8","Coach Upside rating","Coach Bust rating","4 out of 5 stars","-7","-","-"
"45",4,"Terry McLaurin",WAS,"WR22","7","Coach Upside rating","Coach Bust rating","2 out of 5 stars","+10","-0.6","33% (3/9)"
"46",4,"Joe Burrow",CIN,"QB4","6","Coach Upside rating","Coach Bust rating","3 out of 5 stars","+5","-0.9","57% (4/7)"
"47",4,"Travis Etienne Jr.",NO,"RB18","8","Coach Upside rating","Coach Bust rating","3 out of 5 stars","-8","+2.2","62% (10/16)"
"48",5,"Davante Adams",LAR,"WR23","11","Coach Upside rating","Coach Bust rating","1 out of 5 stars","+9","+0.2","50% (7/14)"
"49",5,"Luther Burden III",CHI,"WR24","10","Coach Upside rating","Coach Bust rating","3 out of 5 stars","-1","+1.8","57% (8/14)"
"50",5,"Cam Skattebo",NYG,"RB19","8","Coach Upside rating","Coach Bust rating","4 out of 5 stars","-15","-","-"
"51",5,"Jameson Williams",DET,"WR25","6","Coach Upside rating","Coach Bust rating","4 out of 5 stars","+7","+0.1","50% (8/16)"
"52",5,"Mike Evans",SF,"WR26","8","Coach Upside rating","Coach Bust rating","2 out of 5 stars","+9","-2.7","28% (2/7)"
"53",5,"Jayden Daniels",WAS,"QB5","7","Coach Upside rating","Coach Bust rating","2 out of 5 stars","+7","-","-"
"54",5,"Bucky Irving",TB,"RB20","10","Coach Upside rating","Coach Bust rating","2 out of 5 stars","-10","-1.1","44% (4/9)"
"55",5,"Quinshon Judkins",CLE,"RB21","11","Coach Upside rating","Coach Bust rating","3 out of 5 stars","-9","-","-"
"56",5,"Tyler Warren",IND,"TE4","13","Coach Upside rating","Coach Bust rating","3 out of 5 stars","-3","-0.4","50% (8/16)"
"57",5,"D'Andre Swift",CHI,"RB22","10","Coach Upside rating","Coach Bust rating","2 out of 5 stars","-1","+2.1","60% (9/15)"
"58",5,"Christian Watson",GB,"WR27","11","Coach Upside rating","Coach Bust rating","5 out of 5 stars","+9","+2.4","50% (5/10)"
"59",5,"TreVeyon Henderson",NE,"RB23","11","Coach Upside rating","Coach Bust rating","2 out of 5 stars","-12","0.0","31% (5/16)"
"60",5,"Jalen Hurts",PHI,"QB6","10","Coach Upside rating","Coach Bust rating","5 out of 5 stars","+3","-2.1","37% (6/16)"
"61",5,"David Montgomery",HOU,"RB24","8","Coach Upside rating","Coach Bust rating","4 out of 5 stars","-7","-0.1","43% (7/16)"
"62",5,"DJ Moore",BUF,"WR28","7","Coach Upside rating","Coach Bust rating","4 out of 5 stars","-12","-0.5","31% (5/16)"
"63",5,"Rome Odunze",CHI,"WR29","10","Coach Upside rating","Coach Bust rating","3 out of 5 stars","+2","-1.6","46% (6/13)"
"64",5,"Bhayshul Tuten",JAC,"RB25","7","Coach Upside rating","Coach Bust rating","4 out of 5 stars","-5","-","-"
"65",5,"Tucker Kraft",GB,"TE5","11","Coach Upside rating","Coach Bust rating","2 out of 5 stars","+1","-","-"
"66",5,"Jadarian Price",SEA,"RB26","11","Coach Upside rating","Coach Bust rating","4 out of 5 stars","-4","-","-"
"67",5,"Caleb Williams",CHI,"QB7","10","Coach Upside rating","Coach Bust rating","3 out of 5 stars","+9","+1.2","62% (10/16)"
"68",6,"Justin Herbert",LAC,"QB8","7","Coach Upside rating","Coach Bust rating","2 out of 5 stars","+11","0.0","37% (6/16)"
"69",6,"Jaylen Warren",PIT,"RB27","9","Coach Upside rating","Coach Bust rating","2 out of 5 stars","-1","-0.1","46% (7/15)"
"70",6,"Marvin Harrison Jr.",ARI,"WR30","14","Coach Upside rating","Coach Bust rating","2 out of 5 stars","+7","-1.7","50% (6/12)"
"71",6,"Carnell Tate",TEN,"WR31","9","Coach Upside rating","Coach Bust rating","3 out of 5 stars","0","-","-"
"72",6,"Trevor Lawrence",JAC,"QB9","7","Coach Upside rating","Coach Bust rating","4 out of 5 stars","+13","+3.9","75% (12/16)"
"73",6,"Tony Pollard",TEN,"RB28","9","Coach Upside rating","Coach Bust rating","3 out of 5 stars","+7","0.0","25% (4/16)"
"74",6,"Alec Pierce",IND,"WR32","13","Coach Upside rating","Coach Bust rating","4 out of 5 stars","+9","+2.5","64% (9/14)"
"75",6,"Brian Thomas Jr.",JAC,"WR33","7","Coach Upside rating","Coach Bust rating","4 out of 5 stars","-5","-2.4","30% (4/13)"
"76",6,"DK Metcalf",PIT,"WR34","9","Coach Upside rating","Coach Bust rating","3 out of 5 stars","+11","-","-"
"77",6,"Rhamondre Stevenson",NE,"RB29","11","Coach Upside rating","Coach Bust rating","2 out of 5 stars","-3","+0.4","53% (7/13)"
"78",6,"Dak Prescott",DAL,"QB10","14","Coach Upside rating","Coach Bust rating","2 out of 5 stars","+4","+1.9","68% (11/16)"
"79",6,"Chuba Hubbard",CAR,"RB30","5","Coach Upside rating","Coach Bust rating","1 out of 5 stars","-6","-1.1","28% (4/14)"
"80",6,"Harold Fannin Jr.",CLE,"TE6","11","Coach Upside rating","Coach Bust rating","3 out of 5 stars","-16","+2.0","56% (9/16)"
"81",6,"Courtland Sutton",DEN,"WR35","10","Coach Upside rating","Coach Bust rating","2 out of 5 stars","+7","0.0","50% (8/16)"
"82",6,"Kyle Pitts Sr.",ATL,"TE7","11","Coach Upside rating","Coach Bust rating","3 out of 5 stars","-13","+1.7","50% (8/16)"
"83",6,"Rico Dowdle",PIT,"RB31","9","Coach Upside rating","Coach Bust rating","2 out of 5 stars","-5","+1.1","31% (5/16)"
"84",6,"Sam LaPorta",DET,"TE8","6","Coach Upside rating","Coach Bust rating","3 out of 5 stars","-9","+0.7","44% (4/9)"
"85",6,"Chris Godwin Jr.",TB,"WR36","10","Coach Upside rating","Coach Bust rating","4 out of 5 stars","+5","+0.2","37% (3/8)"
"86",6,"Parker Washington",JAC,"WR37","7","Coach Upside rating","Coach Bust rating","4 out of 5 stars","+7","+3.8","80% (12/15)"
"87",6,"Jordyn Tyson",NO,"WR38","8","Coach Upside rating","Coach Bust rating","3 out of 5 stars","-1","-","-"
"88",6,"RJ Harvey",DEN,"RB32","10","Coach Upside rating","Coach Bust rating","2 out of 5 stars","-16","+2.0","50% (8/16)"
"89",6,"Jaxson Dart",NYG,"QB11","8","Coach Upside rating","Coach Bust rating","4 out of 5 stars","-8","+2.2","64% (9/14)"
"90",6,"Kyle Monangai",CHI,"RB33","10","Coach Upside rating","Coach Bust rating","2 out of 5 stars","-6","+1.2","43% (7/16)"
"91",6,"Brock Purdy",SF,"QB12","8","Coach Upside rating","Coach Bust rating","1 out of 5 stars","+10","+4.6","87% (7/8)"
"92",6,"Michael Wilson",ARI,"WR39","14","Coach Upside rating–No rating available","Coach Bust rating–No rating available","2 out of 5 stars","-3","+2.4","68% (11/16)"
"93",6,"Michael Pittman Jr.",PIT,"WR40","9","Coach Upside rating","Coach Bust rating","3 out of 5 stars","+15","-0.7","56% (9/16)"
"94",6,"J.K. Dobbins",DEN,"RB34","10","Coach Upside rating","Coach Bust rating","2 out of 5 stars","-3","0.0","50% (5/10)"
"95",6,"Quentin Johnston",LAC,"WR41","7","Coach Upside rating","Coach Bust rating","2 out of 5 stars","+14","+0.9","57% (8/14)"
"96",6,"Blake Corum",LAR,"RB35","11","Coach Upside rating","Coach Bust rating","5 out of 5 stars","-2","+2.1","56% (9/16)"
"97",7,"Patrick Mahomes II",KC,"QB13","5","Coach Upside rating","Coach Bust rating","2 out of 5 stars","-1","-","-"
"98",7,"Makai Lemon",PHI,"WR42","10","Coach Upside rating","Coach Bust rating","4 out of 5 stars","-6","-","-"
"99",7,"Bo Nix",DEN,"QB14","10","Coach Upside rating","Coach Bust rating","3 out of 5 stars","+3","+1.0","50% (8/16)"
"100",7,"Ricky Pearsall",SF,"WR43","8","Coach Upside rating","Coach Bust rating","2 out of 5 stars","0","-1.3","44% (4/9)"
"101",7,"Jakobi Meyers",JAC,"WR44","7","Coach Upside rating","Coach Bust rating","4 out of 5 stars","+3","-1.4","33% (5/15)"
"102",7,"George Kittle",SF,"TE9","8","Coach Upside rating","Coach Bust rating","3 out of 5 stars","-7","+1.6","50% (5/10)"
"103",7,"Matthew Stafford",LAR,"QB15","11","Coach Upside rating","Coach Bust rating","3 out of 5 stars","0","+3.3","62% (10/16)"
"104",7,"Jordan Addison",MIN,"WR45","6","Coach Upside rating","Coach Bust rating","5 out of 5 stars","+7","-0.4","30% (4/13)"
"105",7,"Kenny Gainwell",TB,"RB36","10","Coach Upside rating","Coach Bust rating","2 out of 5 stars","+1","+2.4","43% (7/16)"
"106",7,"Travis Kelce",KC,"TE10","5","Coach Upside rating","Coach Bust rating","4 out of 5 stars","-9","+0.2","50% (8/16)"
"107",7,"Wan'Dale Robinson",TEN,"WR46","9","Coach Upside rating","Coach Bust rating","3 out of 5 stars","+8","+1.1","43% (7/16)"
"108",7,"Josh Downs",IND,"WR47","13","Coach Upside rating","Coach Bust rating","4 out of 5 stars","+12","-0.5","46% (7/15)"
"109",7,"Rachaad White",WAS,"RB37","7","Coach Upside rating","Coach Bust rating","4 out of 5 stars","+3","-1.2","37% (6/16)"
"110",7,"Aaron Jones Sr.",MIN,"RB38","6","Coach Upside rating","Coach Bust rating","4 out of 5 stars","+6","-1.3","33% (4/12)"
"111",7,"Jayden Reed",GB,"WR48","11","Coach Upside rating","Coach Bust rating","5 out of 5 stars","+8","-1.9","33% (2/6)"
"112",7,"Jared Goff",DET,"QB16","6","Coach Upside rating","Coach Bust rating","5 out of 5 stars","+1","+0.8","43% (7/16)"
"113",7,"Jacory Croskey-Merritt",WAS,"RB39","7","Coach Upside rating","Coach Bust rating","4 out of 5 stars","-3","-0.2","37% (6/16)"
"114",7,"Dalton Kincaid",BUF,"TE11","7","Coach Upside rating","Coach Bust rating","3 out of 5 stars","-16","+1.6","54% (6/11)"
"115",7,"Jonathon Brooks",CAR,"RB40","5","Coach Upside rating","Coach Bust rating","1 out of 5 stars","-8","-","-"
"116",7,"Kyler Murray",MIN,"QB17","6","Coach Upside rating","Coach Bust rating","5 out of 5 stars","+6","-","-"
"117",7,"Jake Ferguson",DAL,"TE12","14","Coach Upside rating","Coach Bust rating","2 out of 5 stars","-12","+0.3","50% (8/16)"
"118",7,"Jordan Mason",MIN,"RB41","6","Coach Upside rating","Coach Bust rating","4 out of 5 stars","0","-1.0","33% (5/15)"
"119",7,"Xavier Worthy",KC,"WR49","5","Coach Upside rating","Coach Bust rating","2 out of 5 stars","+4","-3.4","14% (2/14)"
"120",7,"Dallas Goedert",PHI,"TE13","10","Coach Upside rating","Coach Bust rating","4 out of 5 stars","-3","+1.9","53% (8/15)"
"121",7,"Jordan Love",GB,"QB18","11","Coach Upside rating","Coach Bust rating","4 out of 5 stars","+4","-1.2","46% (7/15)"
"122",7,"Isaiah Likely",NYG,"TE14","8","Coach Upside rating","Coach Bust rating","3 out of 5 stars","-23","-1.9","23% (3/13)"
"123",7,"Baker Mayfield",TB,"QB19","10","Coach Upside rating","Coach Bust rating","2 out of 5 stars","+6","-0.9","56% (9/16)"
"124",7,"Tyler Shough",NO,"QB20","8","Coach Upside rating","Coach Bust rating","3 out of 5 stars","+6","+1.6","46% (7/15)"
"125",7,"Jayden Higgins",HOU,"WR50","8","Coach Upside rating","Coach Bust rating","3 out of 5 stars","+28","+0.4","50% (8/16)"
"126",7,"Mark Andrews",BAL,"TE15","13","Coach Upside rating","Coach Bust rating","4 out of 5 stars","-12","-1.1","25% (4/16)"
"127",7,"Tyrone Tracy Jr.",NYG,"RB42","8","Coach Upside rating","Coach Bust rating","4 out of 5 stars","+5","-0.5","35% (5/14)"
"128",7,"Khalil Shakir",BUF,"WR51","7","Coach Upside rating","Coach Bust rating","4 out of 5 stars","+20","-1.1","37% (6/16)"
"129",7,"Chris Rodriguez Jr.",JAC,"RB43","7","Coach Upside rating","Coach Bust rating","4 out of 5 stars","+22","+1.8","58% (7/12)"
"130",7,"Romeo Doubs",NE,"WR52","11","Coach Upside rating","Coach Bust rating","2 out of 5 stars","+1","-0.4","43% (7/16)"
"131",8,"Tyler Allgeier",ARI,"RB44","14","Coach Upside rating","Coach Bust rating","2 out of 5 stars","+2","+1.0","56% (9/16)"
"132",8,"KC Concepcion",CLE,"WR53","11","Coach Upside rating","Coach Bust rating","3 out of 5 stars","+6","-","-"
"133",8,"Woody Marks",HOU,"RB45","8","Coach Upside rating","Coach Bust rating","4 out of 5 stars","+7","+0.1","40% (6/15)"
"134",8,"Jalen Coker",CAR,"WR54","5","Coach Upside rating","Coach Bust rating","2 out of 5 stars","+21","+0.5","40% (4/10)"
"135",8,"Matthew Golden",GB,"WR55","11","Coach Upside rating","Coach Bust rating","5 out of 5 stars","+7","-2.6","23% (3/13)"
"136",8,"Zach Charbonnet",SEA,"RB46","11","Coach Upside rating","Coach Bust rating","4 out of 5 stars","-12","+1.9","60% (9/15)"
"137",8,"Malik Willis",MIA,"QB21","6","Coach Upside rating","Coach Bust rating","3 out of 5 stars","-11","+1.8","26% (4/15)"
"138",8,"Isiah Pacheco",DET,"RB47","6","Coach Upside rating","Coach Bust rating","5 out of 5 stars","+12","-1.9","30% (4/13)"
"139",8,"C.J. Stroud",HOU,"QB22","8","Coach Upside rating","Coach Bust rating","4 out of 5 stars","+5","-0.9","38% (5/13)"
"140",8,"Tyjae Spears",TEN,"RB48","9","Coach Upside rating","Coach Bust rating","3 out of 5 stars","+7","-0.2","25% (3/12)"
"141",8,"Dylan Sampson",CLE,"RB49","11","Coach Upside rating","Coach Bust rating","3 out of 5 stars","+24","+0.5","42% (6/14)"
"142",8,"Sam Darnold",SEA,"QB23","11","Coach Upside rating","Coach Bust rating","4 out of 5 stars","-8","-0.3","56% (9/16)"
"143",8,"Juwan Johnson",NO,"TE16","8","Coach Upside rating","Coach Bust rating","2 out of 5 stars","-7","+1.1","50% (8/16)"
"144",8,"Brenton Strange",JAC,"TE17","7","Coach Upside rating","Coach Bust rating","3 out of 5 stars","-16","+0.2","54% (6/11)"
"145",8,"Rashid Shaheed",SEA,"WR56","11","Coach Upside rating","Coach Bust rating","3 out of 5 stars","-4","-0.4","41% (7/17)"
"146",8,"Alvin Kamara",NO,"RB50","8","Coach Upside rating","Coach Bust rating","3 out of 5 stars","-1","-4.1","18% (2/11)"
"147",8,"Keaton Mitchell",LAC,"RB51","7","Coach Upside rating","Coach Bust rating","3 out of 5 stars","+21","+0.4","50% (6/12)"
"148",8,"Hunter Henry",NE,"TE18","11","Coach Upside rating","Coach Bust rating","4 out of 5 stars","-21","+0.5","43% (7/16)"
"149",8,"Chig Okonkwo",WAS,"TE19","7","Coach Upside rating","Coach Bust rating","1 out of 5 stars","-14","+0.2","50% (8/16)"
"150",8,"Oronde Gadsden II",LAC,"TE20","7","Coach Upside rating","Coach Bust rating","4 out of 5 stars","-29","+0.8","42% (6/14)"
"151",8,"Tank Bigsby",PHI,"RB52","10","Coach Upside rating","Coach Bust rating","4 out of 5 stars","+23","+0.2","31% (5/16)"
"152",8,"Cam Ward",TEN,"QB24","9","Coach Upside rating","Coach Bust rating","3 out of 5 stars","-3","-0.6","50% (8/16)"
"153",8,"Brian Robinson Jr.",ATL,"RB53","11","Coach Upside rating","Coach Bust rating","2 out of 5 stars","-16","-0.6","25% (4/16)"
"154",8,"Jauan Jennings",MIN,"WR57","6","Coach Upside rating","Coach Bust rating","5 out of 5 stars","+10","+1.0","50% (7/14)"
"155",8,"Jonah Coleman",DEN,"RB54","10","Coach Upside rating","Coach Bust rating","2 out of 5 stars","-12","-","-"
"156",8,"Denzel Boston",CLE,"WR58","11","Coach Upside rating","Coach Bust rating","3 out of 5 stars","+5","-","-"
"157",8,"Jerry Jeudy",CLE,"WR59","11","Coach Upside rating","Coach Bust rating","3 out of 5 stars","+26","-2.2","18% (3/16)"
"158",8,"Omar Cooper Jr.",NYJ,"WR60","13","Coach Upside rating","Coach Bust rating","4 out of 5 stars","+5","-","-"
"159",8,"Daniel Jones",IND,"QB25","13","Coach Upside rating","Coach Bust rating","4 out of 5 stars","+7","-","-"
"160",8,"Adonai Mitchell",NYJ,"WR61","13","Coach Upside rating","Coach Bust rating","4 out of 5 stars","+35","0.0","28% (4/14)"
"161",8,"Braelon Allen",NYJ,"RB55","13","Coach Upside rating","Coach Bust rating","3 out of 5 stars","+25","-1.2","50% (2/4)"
"162",8,"Bryce Young",CAR,"QB26","5","Coach Upside rating","Coach Bust rating","2 out of 5 stars","-16","-0.4","40% (6/15)"
"163",8,"Jalen McMillan",TB,"WR62","10","Coach Upside rating","Coach Bust rating","4 out of 5 stars","-6","+5.0","100% (3/3)"
"164",8,"Houston Texans",HOU,"DST1","8","Coach Upside rating–No rating available","Coach Bust rating–No rating available","2 out of 5 stars","+16","+2.2","62% (10/16)"
"165",8,"Tre Tucker",LV,"WR63","13","Coach Upside rating","Coach Bust rating","2 out of 5 stars","+33","+0.2","37% (6/16)"
"166",8,"Travis Hunter",JAC,"WR64","7","Coach Upside rating","Coach Bust rating","4 out of 5 stars","-4","-","-"
"167",9,"Dalton Schultz",HOU,"TE21","8","Coach Upside rating","Coach Bust rating","4 out of 5 stars","-7","+0.9","56% (9/16)"
"168",9,"Denver Broncos",DEN,"DST2","10","Coach Upside rating–No rating available","Coach Bust rating–No rating available","4 out of 5 stars","+19","0.0","56% (9/16)"
"169",9,"Tre' Harris",LAC,"WR65","7","Coach Upside rating","Coach Bust rating","2 out of 5 stars","+45","-0.4","37% (6/16)"
"170",9,"Stefon Diggs",FA,"WR66","-","Coach Upside rating","Coach Bust rating","-","-14","+0.1","50% (8/16)"
"171",9,"Seattle Seahawks",SEA,"DST3","11","Coach Upside rating–No rating available","Coach Bust rating–No rating available","2 out of 5 stars","+17","+3.8","68% (11/16)"
"172",9,"Los Angeles Rams",LAR,"DST4","11","Coach Upside rating–No rating available","Coach Bust rating–No rating available","2 out of 5 stars","+10","+0.8","56% (9/16)"
"173",9,"Ryan Flournoy",DAL,"WR67","14","Coach Upside rating","Coach Bust rating","2 out of 5 stars","+78","+3.2","66% (8/12)"
"174",9,"T.J. Hockenson",MIN,"TE22","6","Coach Upside rating","Coach Bust rating","4 out of 5 stars","-16","-1.1","40% (6/15)"
"175",9,"Emanuel Wilson",SEA,"RB56","11","Coach Upside rating","Coach Bust rating","4 out of 5 stars","+43","+0.8","37% (6/16)"
"176",9,"Kenyon Sadiq",NYJ,"TE23","13","Coach Upside rating","Coach Bust rating","4 out of 5 stars","-37","-","-"
"177",9,"Philadelphia Eagles",PHI,"DST5","10","Coach Upside rating–No rating available","Coach Bust rating–No rating available","0 out of 5 stars","+17","+1.1","50% (8/16)"
"178",9,"AJ Barner",SEA,"TE24","11","Coach Upside rating","Coach Bust rating","3 out of 5 stars","-24","+1.7","50% (8/16)"
"179",9,"Sean Tucker",TB,"RB57","10","Coach Upside rating","Coach Bust rating","2 out of 5 stars","+21","+1.4","43% (7/16)"
"180",9,"Kimani Vidal",LAC,"RB58","7","Coach Upside rating–No rating available","Coach Bust rating–No rating available","3 out of 5 stars","+29","+0.4","45% (5/11)"
"181",9,"Ray Davis",BUF,"RB59","7","Coach Upside rating–No rating available","Coach Bust rating–No rating available","2 out of 5 stars","+30","-0.3","31% (5/16)"
"182",9,"Kayshon Boutte",NE,"WR68","11","Coach Upside rating","Coach Bust rating","2 out of 5 stars","+7","+0.8","46% (6/13)"
"183",9,"James Conner",ARI,"RB60","14","Coach Upside rating","Coach Bust rating","2 out of 5 stars","-14","-","-"
"184",9,"Troy Franklin",DEN,"WR69","10","Coach Upside rating","Coach Bust rating","2 out of 5 stars","+63","+1.0","50% (8/16)"
"185",9,"Brandon Aubrey",DAL,"K1","14","Coach Upside rating","Coach Bust rating","2 out of 5 stars","-6","+3.1","68% (11/16)"
"186",9,"Calvin Ridley",TEN,"WR70","9","Coach Upside rating","Coach Bust rating","3 out of 5 stars","+7","-","-"
"187",9,"Jacksonville Jaguars",JAC,"DST6","7","Coach Upside rating–No rating available","Coach Bust rating–No rating available","3 out of 5 stars","+69","+1.9","81% (13/16)"
"188",9,"Isaac TeSlaa",DET,"WR71","6","Coach Upside rating","Coach Bust rating","4 out of 5 stars","+11","+1.1","43% (7/16)"
"189",9,"Jaylin Noel",HOU,"WR72","8","Coach Upside rating","Coach Bust rating","3 out of 5 stars","+64","+0.6","37% (6/16)"
"190",9,"Minnesota Vikings",MIN,"DST7","6","Coach Upside rating–No rating available","Coach Bust rating–No rating available","1 out of 5 stars","+29","+1.2","37% (6/16)"
"191",9,"Ka'imi Fairbairn",HOU,"K2","8","Coach Upside rating","Coach Bust rating","2 out of 5 stars","0","+4.8","92% (13/14)"
"192",9,"Pittsburgh Steelers",PIT,"DST8","9","Coach Upside rating–No rating available","Coach Bust rating–No rating available","5 out of 5 stars","+53","+0.7","50% (8/16)"
"193",9,"Jacoby Brissett",ARI,"QB27","14","Coach Upside rating","Coach Bust rating","2 out of 5 stars","-3","+2.5","60% (9/15)"
"194",9,"New England Patriots",NE,"DST9","11","Coach Upside rating–No rating available","Coach Bust rating–No rating available","3 out of 5 stars","+11","+0.8","43% (7/16)"
"195",9,"Jalen Nailor",LV,"WR73","13","Coach Upside rating–No rating available","Coach Bust rating–No rating available","2 out of 5 stars","-3","-0.2","31% (5/16)"
"196",9,"Cameron Dicker",LAC,"K3","7","Coach Upside rating","Coach Bust rating","2 out of 5 stars","+5","+2.5","75% (12/16)"
"197",9,"Emmett Johnson",KC,"RB61","5","Coach Upside rating","Coach Bust rating","3 out of 5 stars","-27","-","-"
"198",9,"Mike Washington Jr.",LV,"RB62","13","Coach Upside rating","Coach Bust rating","2 out of 5 stars","-31","-","-"
"199",9,"Cam Little",JAC,"K4","7","Coach Upside rating–No rating available","Coach Bust rating–No rating available","4 out of 5 stars","+11","+2.0","68% (11/16)"
"200",9,"Nicholas Singleton",TEN,"RB63","9","Coach Upside rating","Coach Bust rating","3 out of 5 stars","-24","-","-"
"201",9,"Los Angeles Chargers",LAC,"DST10","7","Coach Upside rating–No rating available","Coach Bust rating–No rating available","3 out of 5 stars","+60","-0.4","37% (6/16)"
"202",9,"Darnell Mooney",NYG,"WR74","8","Coach Upside rating","Coach Bust rating","4 out of 5 stars","+39","-2.9","14% (2/14)"
"203",9,"Jason Myers",SEA,"K5","11","Coach Upside rating–No rating available","Coach Bust rating–No rating available","4 out of 5 stars","-7","+4.5","87% (14/16)"
"204",9,"Antonio Williams",WAS,"WR75","7","Coach Upside rating","Coach Bust rating","2 out of 5 stars","-26","-","-"
"205",9,"Pat Bryant",DEN,"WR76","10","Coach Upside rating–No rating available","Coach Bust rating–No rating available","2 out of 5 stars","+50","+0.3","35% (5/14)"
"206",9,"Deebo Samuel Sr.",FA,"WR77","-","Coach Upside rating–No rating available","Coach Bust rating–No rating available","-","-31","-0.7","46% (7/15)"
"207",9,"Gunnar Helm",TEN,"TE25","9","Coach Upside rating","Coach Bust rating","3 out of 5 stars","-22","+0.6","50% (8/16)"
"208",9,"Dontayvion Wicks",PHI,"WR78","10","Coach Upside rating–No rating available","Coach Bust rating–No rating available","4 out of 5 stars","+101","-0.5","35% (5/14)"
"209",9,"Malik Washington",MIA,"WR79","6","Coach Upside rating","Coach Bust rating","3 out of 5 stars","+16","-1.1","31% (5/16)"
"210",9,"Baltimore Ravens",BAL,"DST11","13","Coach Upside rating–No rating available","Coach Bust rating–No rating available","5 out of 5 stars","+38","-0.3","56% (9/16)"
"211",9,"Green Bay Packers",GB,"DST12","11","Coach Upside rating–No rating available","Coach Bust rating–No rating available","2 out of 5 stars","+54","-2.0","31% (5/16)"
"212",9,"Tyler Loop",BAL,"K6","13","Coach Upside rating–No rating available","Coach Bust rating–No rating available","3 out of 5 stars","+62","+1.1","56% (9/16)"
"213",9,"Kaytron Allen",WAS,"RB64","7","Coach Upside rating","Coach Bust rating","4 out of 5 stars","-11","-","-"
"214",9,"De'Zhaun Stribling",SF,"WR80","8","Coach Upside rating","Coach Bust rating","2 out of 5 stars","+56","-","-"
"215",9,"MarShawn Lloyd",GB,"RB65","11","Coach Upside rating–No rating available","Coach Bust rating–No rating available","4 out of 5 stars","+34","-","-"
"216",9,"Eddy Pineiro",SF,"K7","8","Coach Upside rating–No rating available","Coach Bust rating–No rating available","5 out of 5 stars","+62","+3.1","69% (9/13)"
"217",10,"Rashod Bateman",BAL,"WR81","13","Coach Upside rating–No rating available","Coach Bust rating–No rating available","4 out of 5 stars","+73","-2.5","23% (3/13)"
"218",10,"Jaylen Wright",MIA,"RB66","6","Coach Upside rating–No rating available","Coach Bust rating–No rating available","3 out of 5 stars","-5","+2.3","54% (6/11)"
"219",10,"Kansas City Chiefs",KC,"DST13","5","Coach Upside rating–No rating available","Coach Bust rating–No rating available","3 out of 5 stars","+31","-1.3","31% (5/16)"
"220",10,"Tank Dell",HOU,"WR82","8","Coach Upside rating","Coach Bust rating","3 out of 5 stars","-12","-","-"
"221",10,"Detroit Lions",DET,"DST14","6","Coach Upside rating–No rating available","Coach Bust rating–No rating available","5 out of 5 stars","+43","-1.2","31% (5/16)"
"222",10,"Terrance Ferguson",LAR,"TE26","11","Coach Upside rating","Coach Bust rating","4 out of 5 stars","-49","+1.4","42% (6/14)"
"223",10,"Evan McPherson",CIN,"K8","6","Coach Upside rating–No rating available","Coach Bust rating–No rating available","2 out of 5 stars","+57","+1.3","56% (9/16)"
"224",10,"Cairo Santos",CHI,"K9","10","Coach Upside rating–No rating available","Coach Bust rating–No rating available","0 out of 5 stars","+55","+2.0","71% (10/14)"
"225",10,"Pat Freiermuth",PIT,"TE27","9","Coach Upside rating","Coach Bust rating","2 out of 5 stars","-48","+0.9","37% (6/16)"
"226",10,"Buffalo Bills",BUF,"DST15","7","Coach Upside rating–No rating available","Coach Bust rating–No rating available","3 out of 5 stars","+1","-0.3","25% (4/16)"
"227",10,"Jake Bates",DET,"K10","6","Coach Upside rating–No rating available","Coach Bust rating–No rating available","5 out of 5 stars","+42","+0.7","43% (7/16)"
"228",10,"Andy Borregales",NE,"K11","11","Coach Upside rating–No rating available","Coach Bust rating–No rating available","1 out of 5 stars","+55","+1.3","50% (8/16)"
"229",10,"Cooper Kupp",SEA,"WR83","11","Coach Upside rating–No rating available","Coach Bust rating–No rating available","3 out of 5 stars","+23","-1.5","40% (6/15)"
"230",10,"Chimere Dike",TEN,"WR84","9","Coach Upside rating","Coach Bust rating","3 out of 5 stars","+47","+0.3","37% (6/16)"
"231",10,"Ollie Gordon II",MIA,"RB67","6","Coach Upside rating–No rating available","Coach Bust rating–No rating available","3 out of 5 stars","+87","-0.6","25% (4/16)"
"232",10,"Cade Otton",TB,"TE28","10","Coach Upside rating–No rating available","Coach Bust rating–No rating available","2 out of 5 stars","-48","-1.4","33% (5/15)"
"233",10,"Cleveland Browns",CLE,"DST16","11","Coach Upside rating–No rating available","Coach Bust rating–No rating available","5 out of 5 stars","+26","0.0","37% (6/16)"
"234",10,"Chase McLaughlin",TB,"K12","10","Coach Upside rating–No rating available","Coach Bust rating–No rating available","3 out of 5 stars","+42","+1.4","56% (9/16)"
"235",10,"Aaron Rodgers",PIT,"QB28","9","Coach Upside rating–No rating available","Coach Bust rating–No rating available","2 out of 5 stars","-63","-0.5","53% (8/15)"
"236",10,"Geno Smith",NYJ,"QB29","13","Coach Upside rating–No rating available","Coach Bust rating–No rating available","4 out of 5 stars","-12","-1.5","40% (6/15)"
"237",10,"David Njoku",LAC,"TE29","7","Coach Upside rating","Coach Bust rating","4 out of 5 stars","-85","-1.1","33% (4/12)"
"238",10,"Ted Hurst III",TB,"WR85","10","Coach Upside rating","Coach Bust rating","4 out of 5 stars","+35","-","-"
"239",10,"Germie Bernard",PIT,"WR86","9","Coach Upside rating","Coach Bust rating","3 out of 5 stars","-2","-","-"
"240",10,"Harrison Mevis",LAR,"K13","11","Coach Upside rating–No rating available","Coach Bust rating–No rating available","2 out of 5 stars","+3","+0.6","50% (4/8)"
"241",10,"Brandon Aiyuk",SF,"WR87","8","Coach Upside rating","Coach Bust rating","2 out of 5 stars","-60","-","-"
"242",10,"Zachariah Branch",ATL,"WR88","11","Coach Upside rating","Coach Bust rating","3 out of 5 stars","-36","-","-"
"243",10,"Justice Hill",BAL,"RB68","13","Coach Upside rating–No rating available","Coach Bust rating–No rating available","3 out of 5 stars","-9","+0.2","40% (4/10)"
"244",10,"Elic Ayomanor",TEN,"WR89","9","Coach Upside rating–No rating available","Coach Bust rating–No rating available","3 out of 5 stars","+68","-0.7","33% (5/15)"
"245",10,"Keon Coleman",BUF,"WR90","7","Coach Upside rating–No rating available","Coach Bust rating–No rating available","4 out of 5 stars","+50","-1.5","25% (3/12)"
"246",10,"Jaydon Blue",DAL,"RB69","14","Coach Upside rating–No rating available","Coach Bust rating–No rating available","4 out of 5 stars","-13","-3.3","0% (0/4)"
"247",10,"Colby Parkinson",LAR,"TE30","11","Coach Upside rating–No rating available","Coach Bust rating–No rating available","4 out of 5 stars","-9","+2.9","64% (9/14)"
"248",10,"Jack Bech",LV,"WR91","13","Coach Upside rating–No rating available","Coach Bust rating–No rating available","2 out of 5 stars","+50","-1.1","40% (6/15)"
"249",10,"Harrison Butker",KC,"K14","5","Coach Upside rating–No rating available","Coach Bust rating–No rating available","5 out of 5 stars","-9","+0.7","50% (8/16)"
"250",10,"Chris Boswell",PIT,"K15","9","Coach Upside rating–No rating available","Coach Bust rating–No rating available","4 out of 5 stars","+25","+1.3","62% (10/16)"
"251",10,"Greg Dulcich",MIA,"TE31","6","Coach Upside rating–No rating available","Coach Bust rating–No rating available","5 out of 5 stars","-30","+1.9","66% (6/9)"
"252",10,"Fernando Mendoza",LV,"QB30","13","Coach Upside rating","Coach Bust rating","1 out of 5 stars","-93","-","-"
"253",10,"Demond Claiborne",MIN,"RB70","6","Coach Upside rating","Coach Bust rating","4 out of 5 stars","-30","-","-"
"254",10,"Elijah Sarratt",BAL,"WR92","13","Coach Upside rating","Coach Bust rating","4 out of 5 stars","+34","-","-"
"255",10,"Christian Kirk",SF,"WR93","8","Coach Upside rating–No rating available","Coach Bust rating–No rating available","2 out of 5 stars","+16","-2.3","25% (3/12)"
"256",10,"Jordan James",SF,"RB71","8","Coach Upside rating–No rating available","Coach Bust rating–No rating available","2 out of 5 stars","-26","-0.8","0% (0/1)"
"257",10,"DJ Giddens",IND,"RB72","13","Coach Upside rating–No rating available","Coach Bust rating–No rating available","4 out of 5 stars","-25","-0.6","28% (2/7)"
"258",10,"Chris Brooks",GB,"RB73","11","Coach Upside rating–No rating available","Coach Bust rating–No rating available","4 out of 5 stars","+59","-0.6","25% (4/16)"
"259",10,"Tyreek Hill",FA,"WR94","-","Coach Upside rating–No rating available","Coach Bust rating–No rating available","-","-88","-","-"
"260",10,"Ty Johnson",BUF,"RB74","7","Coach Upside rating–No rating available","Coach Bust rating–No rating available","2 out of 5 stars","-6","+0.6","37% (6/16)"
"261",10,"Evan Engram",DEN,"TE32","10","Coach Upside rating–No rating available","Coach Bust rating–No rating available","4 out of 5 stars","+47","-1.4","26% (4/15)"
"262",10,"Malik Davis",DAL,"RB75","14","Coach Upside rating–No rating available","Coach Bust rating–No rating available","4 out of 5 stars","-","+2.0","57% (4/7)"
"263",10,"Chris Bell",MIA,"WR95","6","Coach Upside rating","Coach Bust rating","3 out of 5 stars","-21","-","-"
"264",10,"Tory Horton",SEA,"WR96","11","Coach Upside rating–No rating available","Coach Bust rating–No rating available","3 out of 5 stars","+17","+1.3","50% (4/8)"
"265",10,"Eli Stowers",PHI,"TE33","10","Coach Upside rating","Coach Bust rating","4 out of 5 stars","-68","-","-"
"266",10,"George Holani",SEA,"RB76","11","Coach Upside rating–No rating available","Coach Bust rating–No rating available","4 out of 5 stars","0","+0.4","22% (2/9)"
"267",10,"Devin Neal",NO,"RB77","8","Coach Upside rating–No rating available","Coach Bust rating–No rating available","3 out of 5 stars","+47","-","-"
"268",10,"Tua Tagovailoa",ATL,"QB31","11","Coach Upside rating–No rating available","Coach Bust rating–No rating available","4 out of 5 stars","-29","-1.9","35% (5/14)"
"269",10,"Tyquan Thornton",KC,"WR97","5","Coach Upside rating–No rating available","Coach Bust rating–No rating available","2 out of 5 stars","-","-","-"
"270",10,"Wil Lutz",DEN,"K16","10","Coach Upside rating–No rating available","Coach Bust rating–No rating available","1 out of 5 stars","-35","+0.1","56% (9/16)"
"271",10,"Isaiah Davis",NYJ,"RB78","13","Coach Upside rating–No rating available","Coach Bust rating–No rating available","3 out of 5 stars","-","-0.1","37% (6/16)"
"272",10,"Kaleb Johnson",PIT,"RB79","9","Coach Upside rating–No rating available","Coach Bust rating–No rating available","2 out of 5 stars","-28","-1.3","21% (3/14)"
"273",10,"Malachi Fields",NYG,"WR98","8","Coach Upside rating","Coach Bust rating","4 out of 5 stars","-56","-","-"
"274",10,"Trey Benson",ARI,"RB80","14","Coach Upside rating–No rating available","Coach Bust rating–No rating available","2 out of 5 stars","-46","-","-"
"275",10,"Chris Brazzell II",CAR,"WR99","5","Coach Upside rating","Coach Bust rating","2 out of 5 stars","+7","-","-"
"276",11,"Samaje Perine",CIN,"RB81","6","Coach Upside rating–No rating available","Coach Bust rating–No rating available","2 out of 5 stars","+43","0.0","42% (6/14)"
"277",11,"Darius Slayton",NYG,"WR100","8","Coach Upside rating–No rating available","Coach Bust rating–No rating available","4 out of 5 stars","-","-1.2","38% (5/13)"
"278",11,"Marvin Mims Jr.",DEN,"WR101","10","Coach Upside rating–No rating available","Coach Bust rating–No rating available","2 out of 5 stars","-18","-0.5","42% (6/14)"
"279",11,"Will Reichard",MIN,"K17","6","Coach Upside rating–No rating available","Coach Bust rating–No rating available","2 out of 5 stars","-7","+2.1","68% (11/16)"
"280",11,"Atlanta Falcons",ATL,"DST17","11","Coach Upside rating–No rating available","Coach Bust rating–No rating available","4 out of 5 stars","-13","+0.4","43% (7/16)"
"281",11,"Oscar Delp",NO,"TE34","8","Coach Upside rating","Coach Bust rating","2 out of 5 stars","-","-","-"
"282",11,"Theo Johnson",NYG,"TE35","8","Coach Upside rating–No rating available","Coach Bust rating–No rating available","3 out of 5 stars","-79","+0.2","46% (7/15)"
"283",11,"LeQuint Allen Jr.",JAC,"RB82","7","Coach Upside rating–No rating available","Coach Bust rating–No rating available","4 out of 5 stars","+24","-0.4","37% (6/16)"
"284",11,"Michael Penix Jr.",ATL,"QB32","11","Coach Upside rating–No rating available","Coach Bust rating–No rating available","4 out of 5 stars","-48","-","-"
"285",11,"Xavier Legette",CAR,"WR102","5","Coach Upside rating–No rating available","Coach Bust rating–No rating available","2 out of 5 stars","-","-0.5","28% (4/14)"
"286",11,"Devaughn Vele",NO,"WR103","8","Coach Upside rating–No rating available","Coach Bust rating–No rating available","3 out of 5 stars","+14","-","-"
"287",11,"Mason Taylor",NYJ,"TE36","13","Coach Upside rating–No rating available","Coach Bust rating–No rating available","4 out of 5 stars","-3","-0.8","30% (4/13)"
"288",11,"Kaelon Black",SF,"RB83","8","Coach Upside rating","Coach Bust rating","2 out of 5 stars","+11","-","-"
"289",11,"Kendre Miller",NO,"RB84","8","Coach Upside rating–No rating available","Coach Bust rating–No rating available","3 out of 5 stars","-32","-","-"
"290",11,"Kyle Williams",NE,"WR104","11","Coach Upside rating–No rating available","Coach Bust rating–No rating available","2 out of 5 stars","-22","-0.1","31% (5/16)"
"291",11,"San Francisco 49ers",SF,"DST18","8","Coach Upside rating–No rating available","Coach Bust rating–No rating available","3 out of 5 stars","-76","-1.3","43% (7/16)"
"292",11,"Keenan Allen",LAC,"WR105","7","Coach Upside rating–No rating available","Coach Bust rating–No rating available","2 out of 5 stars","+1","-1.4","25% (4/16)"
"293",11,"Devin Singletary",NYG,"RB85","8","Coach Upside rating–No rating available","Coach Bust rating–No rating available","4 out of 5 stars","-6","+1.2","50% (8/16)"
"294",11,"Mack Hollins",NE,"WR106","11","Coach Upside rating–No rating available","Coach Bust rating–No rating available","2 out of 5 stars","-","+1.1","60% (9/15)"
"295",11,"Shedeur Sanders",CLE,"QB33","11","Coach Upside rating–No rating available","Coach Bust rating–No rating available","4 out of 5 stars","-49","+1.6","30% (3/10)"
"296",11,"Jerome Ford",WAS,"RB86","7","Coach Upside rating–No rating available","Coach Bust rating–No rating available","4 out of 5 stars","-","-","-"
"297",11,"Brashard Smith",KC,"RB87","5","Coach Upside rating–No rating available","Coach Bust rating–No rating available","3 out of 5 stars","-34","-0.3","37% (6/16)"
"298",11,"Emari Demercado",KC,"RB88","5","Coach Upside rating–No rating available","Coach Bust rating–No rating available","3 out of 5 stars","+17","-1.1","27% (3/11)"
"299",11,"Najee Harris",LAC,"RB89","7","Coach Upside rating–No rating available","Coach Bust rating–No rating available","3 out of 5 stars","+12","-","-"
"300",11,"Hollywood Brown",PHI,"WR107","10","Coach Upside rating–No rating available","Coach Bust rating–No rating available","4 out of 5 stars","+5","+0.3","60% (9/15)"
"301",11,"Mike Gesicki",CIN,"TE37","6","Coach Upside rating–No rating available","Coach Bust rating–No rating available","3 out of 5 stars","-12","-0.6","25% (3/12)"
"302",11,"Deshaun Watson",CLE,"QB34","11","Coach Upside rating–No rating available","Coach Bust rating–No rating available","4 out of 5 stars","-1","-","-"
"303",11,"Kirk Cousins",LV,"QB35","13","Coach Upside rating–No rating available","Coach Bust rating–No rating available","1 out of 5 stars","-1","-0.1","33% (5/15)"
"304",11,"Adam Randall",BAL,"RB90","13","Coach Upside rating","Coach Bust rating","3 out of 5 stars","+12","-","-"
"305",11,"Seth McGowan",IND,"RB91","13","Coach Upside rating","Coach Bust rating","4 out of 5 stars","-","-","-"
"306",11,"Isaiah Bond",CLE,"WR108","11","Coach Upside rating–No rating available","Coach Bust rating–No rating available","3 out of 5 stars","-","-0.8","33% (5/15)"
"307",11,"Charlie Smyth",NO,"K18","8","Coach Upside rating–No rating available","Coach Bust rating–No rating available","5 out of 5 stars","-","+4.2","60% (3/5)"
"308",11,"Isaac Guerendo",SF,"RB92","8","Coach Upside rating–No rating available","Coach Bust rating–No rating available","2 out of 5 stars","-","-1.3","0% (0/13)"
"309",11,"Skyler Bell",BUF,"WR109","7","Coach Upside rating","Coach Bust rating","4 out of 5 stars","+17","-","-"
"310",11,"New Orleans Saints",NO,"DST19","8","Coach Upside rating–No rating available","Coach Bust rating–No rating available","5 out of 5 stars","-","+1.1","50% (8/16)"
"311",11,"Ja'Kobi Lane",BAL,"WR110","13","Coach Upside rating","Coach Bust rating","4 out of 5 stars","-80","-","-"
"312",11,"Trevor Etienne",CAR,"RB93","5","Coach Upside rating–No rating available","Coach Bust rating–No rating available","1 out of 5 stars","-","-0.7","20% (3/15)"
"313",11,"Tahj Brooks",CIN,"RB94","6","Coach Upside rating–No rating available","Coach Bust rating–No rating available","2 out of 5 stars","-","-0.8","8% (1/12)"
"314",11,"Jaleel McLaughlin",DEN,"RB95","10","Coach Upside rating–No rating available","Coach Bust rating–No rating available","2 out of 5 stars","-","-0.9","14% (1/7)"
"315",11,"Indianapolis Colts",IND,"DST20","13","Coach Upside rating–No rating available","Coach Bust rating–No rating available","5 out of 5 stars","-","+0.1","37% (6/16)"
"316",11,"Chicago Bears",CHI,"DST21","10","Coach Upside rating–No rating available","Coach Bust rating–No rating available","2 out of 5 stars","-100","+0.3","43% (7/16)"
"317",11,"Jarquez Hunter",LAR,"RB96","11","Coach Upside rating–No rating available","Coach Bust rating–No rating available","5 out of 5 stars","-25","-0.8","0% (0/4)"
"318",11,"Andrei Iosivas",CIN,"WR111","6","Coach Upside rating–No rating available","Coach Bust rating–No rating available","4 out of 5 stars","-","-0.1","37% (6/16)"
"319",11,"Jake Tonges",SF,"TE38","8","Coach Upside rating–No rating available","Coach Bust rating–No rating available","3 out of 5 stars","-93","+1.0","42% (6/14)"
"320",11,"Joe Mixon",FA,"RB97","-","Coach Upside rating–No rating available","Coach Bust rating–No rating available","-","-34","-","-"
"321",12,"Audric Estime",NO,"RB98","8","Coach Upside rating–No rating available","Coach Bust rating–No rating available","3 out of 5 stars","-36","+1.0","33% (2/6)"
"322",12,"Darnell Washington",PIT,"TE39","9","Coach Upside rating–No rating available","Coach Bust rating–No rating available","2 out of 5 stars","0","+0.5","43% (7/16)"
"323",12,"Will Shipley",PHI,"RB99","10","Coach Upside rating–No rating available","Coach Bust rating–No rating available","4 out of 5 stars","-","-0.6","14% (2/14)"
"324",12,"Cedric Tillman",CLE,"WR112","11","Coach Upside rating–No rating available","Coach Bust rating–No rating available","3 out of 5 stars","-","-2.0","33% (4/12)"
"325",12,"Konata Mumpfield",LAR,"WR113","11","Coach Upside rating–No rating available","Coach Bust rating–No rating available","1 out of 5 stars","-","-0.6","20% (3/15)"
"326",12,"Kareem Hunt",FA,"RB100","-","Coach Upside rating–No rating available","Coach Bust rating–No rating available","-","-29","+0.4","37% (6/16)"
"327",12,"Luke McCaffrey",WAS,"WR114","7","Coach Upside rating–No rating available","Coach Bust rating–No rating available","2 out of 5 stars","-","+0.3","55% (5/9)"
"328",12,"J.J. McCarthy",MIN,"QB36","6","Coach Upside rating–No rating available","Coach Bust rating–No rating available","5 out of 5 stars","-32","-1.0","55% (5/9)"
"329",12,"Jalen Royals",KC,"WR115","5","Coach Upside rating–No rating available","Coach Bust rating–No rating available","2 out of 5 stars","-","-1.9","0% (0/4)"
"330",12,"Tez Johnson",TB,"WR116","10","Coach Upside rating–No rating available","Coach Bust rating–No rating available","4 out of 5 stars","-","+0.8","42% (6/14)"
"331",12,"Jahan Dotson",ATL,"WR117","11","Coach Upside rating–No rating available","Coach Bust rating–No rating available","3 out of 5 stars","-37","-0.6","25% (4/16)"
"332",12,"Calvin Austin III",NYG,"WR118","8","Coach Upside rating–No rating available","Coach Bust rating–No rating available","4 out of 5 stars","-","-1.7","30% (4/13)"
"333",12,"Joshua Palmer",BUF,"WR119","7","Coach Upside rating–No rating available","Coach Bust rating–No rating available","4 out of 5 stars","-","-1.7","18% (2/11)"
"334",12,"Caleb Douglas",MIA,"WR120","6","Coach Upside rating","Coach Bust rating","3 out of 5 stars","-76","-","-"
"335",12,"Jalen Tolbert",MIA,"WR121","6","Coach Upside rating–No rating available","Coach Bust rating–No rating available","3 out of 5 stars","-73","-0.3","36% (4/11)"
"336",12,"Max Klare",LAR,"TE40","11","Coach Upside rating","Coach Bust rating","4 out of 5 stars","-32","-","-"
"337",12,"Carolina Panthers",CAR,"DST22","5","Coach Upside rating–No rating available","Coach Bust rating–No rating available","3 out of 5 stars","-","+1.0","43% (7/16)"
"338",12,"Michael Mayer",LV,"TE41","13","Coach Upside rating–No rating available","Coach Bust rating–No rating available","3 out of 5 stars","-11","-0.5","33% (4/12)"
"339",12,"Olamide Zaccheaus",ATL,"WR122","11","Coach Upside rating–No rating available","Coach Bust rating–No rating available","3 out of 5 stars","-","-0.6","40% (6/15)"
"340",12,"Bam Knight",ARI,"RB101","14","Coach Upside rating–No rating available","Coach Bust rating–No rating available","2 out of 5 stars","-","-","-"
"341",12,"Elijah Arroyo",SEA,"TE42","11","Coach Upside rating–No rating available","Coach Bust rating–No rating available","3 out of 5 stars","-21","-","-"
"342",12,"Eli Heidenreich",PIT,"RB102","9","Coach Upside rating","Coach Bust rating","2 out of 5 stars","-","-","-"
"343",12,"DeMario Douglas",NE,"WR123","11","Coach Upside rating–No rating available","Coach Bust rating–No rating available","2 out of 5 stars","-","-0.8","25% (4/16)"
"344",12,"Dont'e Thornton Jr.",LV,"WR124","13","Coach Upside rating–No rating available","Coach Bust rating–No rating available","2 out of 5 stars","-","-2.9","0% (0/14)"
"345",12,"Cole Kmet",CHI,"TE43","10","Coach Upside rating–No rating available","Coach Bust rating–No rating available","2 out of 5 stars","-20","+0.2","46% (7/15)"
"346",12,"Mac Jones",SF,"QB37","8","Coach Upside rating–No rating available","Coach Bust rating–No rating available","1 out of 5 stars","-","+0.7","26% (4/15)"
"347",12,"Dallas Cowboys",DAL,"DST23","14","Coach Upside rating–No rating available","Coach Bust rating–No rating available","1 out of 5 stars","-135","-3.1","25% (4/16)"
"348",12,"Tyler Higbee",LAR,"TE44","11","Coach Upside rating–No rating available","Coach Bust rating–No rating available","4 out of 5 stars","-","-0.4","40% (4/10)"
"349",12,"Brenen Thompson",LAC,"WR125","7","Coach Upside rating","Coach Bust rating","2 out of 5 stars","-36","-","-"
"350",12,"Jake Elliott",PHI,"K19","10","Coach Upside rating–No rating available","Coach Bust rating–No rating available","5 out of 5 stars","-146","-0.4","37% (6/16)"
"351",12,"Kendrick Bourne",ARI,"WR126","14","Coach Upside rating–No rating available","Coach Bust rating–No rating available","2 out of 5 stars","-","-0.4","33% (5/15)"
"352",12,"Bryce Lance",NO,"WR127","8","Coach Upside rating","Coach Bust rating","3 out of 5 stars","-","-","-"
"353",12,"Carson Beck",ARI,"QB38","14","Coach Upside rating","Coach Bust rating","2 out of 5 stars","-29","-","-"
"354",12,"Noah Gray",KC,"TE45","5","Coach Upside rating–No rating available","Coach Bust rating–No rating available","4 out of 5 stars","-","-1.2","33% (5/15)"
"355",12,"Treylon Burks",WAS,"WR128","7","Coach Upside rating–No rating available","Coach Bust rating–No rating available","2 out of 5 stars","-","-0.5","50% (3/6)"
"356",12,"Ja'Tavion Sanders",CAR,"TE46","5","Coach Upside rating–No rating available","Coach Bust rating–No rating available","2 out of 5 stars","-","-1.1","30% (4/13)"
"357",12,"Xavier Hutchinson",HOU,"WR129","8","Coach Upside rating–No rating available","Coach Bust rating–No rating available","3 out of 5 stars","-","+0.4","43% (7/16)"
"358",12,"Tyler Bass",BUF,"K20","7","Coach Upside rating–No rating available","Coach Bust rating–No rating available","2 out of 5 stars","-129","-","-"
"359",12,"Dawson Knox",BUF,"TE47","7","Coach Upside rating–No rating available","Coach Bust rating–No rating available","3 out of 5 stars","-56","+1.4","56% (9/16)"
"360",12,"Justin Fields",KC,"QB39","5","Coach Upside rating–No rating available","Coach Bust rating–No rating available","2 out of 5 stars","-","-","-"
"361",12,"Jaylin Lane",WAS,"WR130","7","Coach Upside rating–No rating available","Coach Bust rating–No rating available","2 out of 5 stars","-","-","-"
"362",12,"Jawhar Jordan",HOU,"RB103","8","Coach Upside rating–No rating available","Coach Bust rating–No rating available","4 out of 5 stars","-","+0.1","50% (1/2)"
"363",12,"Nick Chubb",FA,"RB104","-","Coach Upside rating–No rating available","Coach Bust rating–No rating available","-","-","-1.3","26% (4/15)"
"364",12,"Cincinnati Bengals",CIN,"DST24","6","Coach Upside rating–No rating available","Coach Bust rating–No rating available","4 out of 5 stars","-","-1.5","25% (4/16)"
"365",12,"New York Giants",NYG,"DST25","8","Coach Upside rating–No rating available","Coach Bust rating–No rating available","1 out of 5 stars","-145","-1.8","25% (4/16)"
"366",12,"J'Mari Taylor",JAC,"RB105","7","Coach Upside rating","Coach Bust rating","4 out of 5 stars","-","-","-"
"367",12,"John Metchie III",CAR,"WR131","5","Coach Upside rating–No rating available","Coach Bust rating–No rating available","2 out of 5 stars","-","+0.1","33% (5/15)"
"368",12,"Zane Gonzalez",MIA,"K21","6","Coach Upside rating–No rating available","Coach Bust rating–No rating available","2 out of 5 stars","-","+3.0","75% (6/8)"
"369",12,"Anthony Richardson Sr.",IND,"QB40","13","Coach Upside rating–No rating available","Coach Bust rating–No rating available","4 out of 5 stars","-","-0.1","16% (1/6)"
"370",12,"Raheim Sanders",CLE,"RB106","11","Coach Upside rating–No rating available","Coach Bust rating–No rating available","3 out of 5 stars","-","0.0","33% (1/3)"
"371",12,"Ty Simpson",LAR,"QB41","11","Coach Upside rating","Coach Bust rating","3 out of 5 stars","-61","-","-"
"372",12,"Kalif Raymond",CHI,"WR132","10","Coach Upside rating–No rating available","Coach Bust rating–No rating available","3 out of 5 stars","-","+0.9","50% (7/14)"
"373",12,"Nick Westbrook-Ikhine",IND,"WR133","13","Coach Upside rating–No rating available","Coach Bust rating–No rating available","4 out of 5 stars","-","-2.9","0% (0/13)"
"374",12,"Michael Carter",TEN,"RB107","9","Coach Upside rating–No rating available","Coach Bust rating–No rating available","3 out of 5 stars","-","+0.3","50% (5/10)"
"375",12,"Justin Joly",DEN,"TE48","10","Coach Upside rating","Coach Bust rating","4 out of 5 stars","-","-","-"
"376",12,"Erick All Jr.",CIN,"TE49","6","Coach Upside rating–No rating available","Coach Bust rating–No rating available","3 out of 5 stars","-","-","-"
"377",12,"Savion Williams",GB,"WR134","11","Coach Upside rating–No rating available","Coach Bust rating–No rating available","5 out of 5 stars","-","-0.5","41% (5/12)"
"378",12,"Tampa Bay Buccaneers",TB,"DST26","10","Coach Upside rating–No rating available","Coach Bust rating–No rating available","4 out of 5 stars","-","-0.7","25% (4/16)"
"379",12,"Kevin Coleman Jr.",MIA,"WR135","6","Coach Upside rating–No rating available","Coach Bust rating–No rating available","3 out of 5 stars","-","-","-"
"380",12,"KaVontae Turpin",DAL,"WR136","14","Coach Upside rating–No rating available","Coach Bust rating–No rating available","2 out of 5 stars","-","+0.9","42% (6/14)"
"381",12,"Zavion Thomas",CHI,"WR137","10","Coach Upside rating","Coach Bust rating","3 out of 5 stars","-","-","-"
"382",12,"Tutu Atwell",MIA,"WR138","6","Coach Upside rating–No rating available","Coach Bust rating–No rating available","3 out of 5 stars","-59","-0.6","22% (2/9)"
"383",12,"Noah Fant",NO,"TE50","8","Coach Upside rating–No rating available","Coach Bust rating–No rating available","2 out of 5 stars","-","-0.3","28% (4/14)"
"384",13,"Phil Mafah",DAL,"RB108","14","Coach Upside rating–No rating available","Coach Bust rating–No rating available","4 out of 5 stars","-","-","-"
"385",13,"Trey Smack",GB,"K22","11","Coach Upside rating–No rating available","Coach Bust rating–No rating available","4 out of 5 stars","-","-","-"
"386",13,"Eli Raridon",NE,"TE51","11","Coach Upside rating","Coach Bust rating","4 out of 5 stars","-","-","-"
"387",13,"Devontez Walker",BAL,"WR139","13","Coach Upside rating–No rating available","Coach Bust rating–No rating available","4 out of 5 stars","-","-","-"
"388",13,"Tennessee Titans",TEN,"DST27","9","Coach Upside rating–No rating available","Coach Bust rating–No rating available","2 out of 5 stars","-","-0.2","37% (6/16)"
"389",13,"Dameon Pierce",PHI,"RB109","10","Coach Upside rating–No rating available","Coach Bust rating–No rating available","4 out of 5 stars","-","-0.9","25% (1/4)"
"390",13,"Cyrus Allen",KC,"WR140","5","Coach Upside rating","Coach Bust rating","2 out of 5 stars","-","-","-"
"391",13,"Nick Folk",ATL,"K23","11","Coach Upside rating–No rating available","Coach Bust rating–No rating available","0 out of 5 stars","-184","+1.2","50% (8/16)"
"392",13,"Deion Burks",IND,"WR141","13","Coach Upside rating","Coach Bust rating","4 out of 5 stars","-","-","-"
"393",13,"Jordan Whittington",LAR,"WR142","11","Coach Upside rating–No rating available","Coach Bust rating–No rating available","1 out of 5 stars","-","-1.2","18% (3/16)"
"394",13,"Tommy Tremble",CAR,"TE52","5","Coach Upside rating–No rating available","Coach Bust rating–No rating available","2 out of 5 stars","-","-0.3","31% (5/16)"
"395",13,"Tommy Myers",FA,"TE53","-","Coach Upside rating–No rating available","Coach Bust rating–No rating available","-","-","-","-"
"396",13,"John Bates",WAS,"TE54","7","Coach Upside rating–No rating available","Coach Bust rating–No rating available","1 out of 5 stars","-","-0.8","28% (4/14)"
"397",13,"Austin Ekeler",FA,"RB110","-","Coach Upside rating–No rating available","Coach Bust rating–No rating available","-","-175","-","-"
"398",13,"Miami Dolphins",MIA,"DST28","6","Coach Upside rating–No rating available","Coach Bust rating–No rating available","3 out of 5 stars","-","+0.1","56% (9/16)"
"399",13,"Washington Commanders",WAS,"DST29","7","Coach Upside rating–No rating available","Coach Bust rating–No rating available","2 out of 5 stars","-","-1.7","37% (6/16)"
"400",13,"Jeremy McNichols",WAS,"RB111","7","Coach Upside rating–No rating available","Coach Bust rating–No rating available","4 out of 5 stars","-","-1.0","37% (6/16)"
"401",13,"Luke Musgrave",GB,"TE55","11","Coach Upside rating–No rating available","Coach Bust rating–No rating available","2 out of 5 stars","-","-1.1","25% (4/16)"
"402",13,"Blake Grupe",IND,"K24","13","Coach Upside rating–No rating available","Coach Bust rating–No rating available","4 out of 5 stars","-","+1.0","40% (6/15)"
"403",13,"Kyle Juszczyk",SF,"RB112","8","Coach Upside rating–No rating available","Coach Bust rating–No rating available","2 out of 5 stars","-","-","-"
"404",13,"Ben Sinnott",WAS,"TE56","7","Coach Upside rating–No rating available","Coach Bust rating–No rating available","1 out of 5 stars","-","+0.1","40% (6/15)"
"405",13,"Dyami Brown",WAS,"WR143","7","Coach Upside rating–No rating available","Coach Bust rating–No rating available","2 out of 5 stars","-","-1.5","27% (3/11)"
"406",13,"Greg Dortch",DET,"WR144","6","Coach Upside rating–No rating available","Coach Bust rating–No rating available","4 out of 5 stars","-","+1.4","50% (6/12)"
"407",13,"Damien Martinez",GB,"RB113","11","Coach Upside rating–No rating available","Coach Bust rating–No rating available","4 out of 5 stars","-","-","-"
"408",13,"Spencer Shrader",IND,"K25","13","Coach Upside rating–No rating available","Coach Bust rating–No rating available","4 out of 5 stars","-","-","-"
"409",13,"Joe Milton III",DAL,"QB42","14","Coach Upside rating–No rating available","Coach Bust rating–No rating available","2 out of 5 stars","-","-0.1","7% (1/14)"
"410",13,"Rasheen Ali",BAL,"RB114","13","Coach Upside rating–No rating available","Coach Bust rating–No rating available","3 out of 5 stars","-","+0.5","35% (5/14)"
"411",13,"Jam Miller",NE,"RB115","11","Coach Upside rating","Coach Bust rating","2 out of 5 stars","-","-","-"
"412",13,"Sione Vaki",DET,"RB116","6","Coach Upside rating–No rating available","Coach Bust rating–No rating available","5 out of 5 stars","-","-","-"
"413",13,"Roschon Johnson",CHI,"RB117","10","Coach Upside rating–No rating available","Coach Bust rating–No rating available","2 out of 5 stars","-","-0.8","16% (1/6)"
"414",13,"Terrell Jennings",NE,"RB118","11","Coach Upside rating–No rating available","Coach Bust rating–No rating available","2 out of 5 stars","-","-","-"
"415",13,"Antonio Gibson",FA,"RB119","-","Coach Upside rating–No rating available","Coach Bust rating–No rating available","-","-","-","-"
"416",13,"Ashton Dulin",IND,"WR145","13","Coach Upside rating–No rating available","Coach Bust rating–No rating available","4 out of 5 stars","-","-","-"
"417",13,"Charlie Kolar",LAC,"TE57","7","Coach Upside rating–No rating available","Coach Bust rating–No rating available","4 out of 5 stars","-","-","-"
"418",13,"Dylan Laube",LV,"RB120","13","Coach Upside rating–No rating available","Coach Bust rating–No rating available","2 out of 5 stars","-","-","-"
"419",13,"Daniel Bellinger",TEN,"TE58","9","Coach Upside rating–No rating available","Coach Bust rating–No rating available","3 out of 5 stars","-","-","-"
"420",13,"Ben Sauls",NYG,"K26","8","Coach Upside rating–No rating available","Coach Bust rating–No rating available","2 out of 5 stars","-","+1.3","50% (1/2)"
"421",13,"Las Vegas Raiders",LV,"DST30","13","Coach Upside rating–No rating available","Coach Bust rating–No rating available","4 out of 5 stars","-","-2.0","18% (3/16)"
"422",13,"New York Jets",NYJ,"DST31","13","Coach Upside rating–No rating available","Coach Bust rating–No rating available","4 out of 5 stars","-","-2.6","25% (4/16)"
"423",13,"Jake Moody",WAS,"K27","7","Coach Upside rating–No rating available","Coach Bust rating–No rating available","5 out of 5 stars","-","+2.9","62% (5/8)"
"424",13,"Taysom Hill",FA,"TE59","-","Coach Upside rating–No rating available","Coach Bust rating–No rating available","-","-","+0.4","50% (6/12)"
"425",13,"Joe Flacco",CIN,"QB43","6","Coach Upside rating–No rating available","Coach Bust rating–No rating available","3 out of 5 stars","-","+0.9","33% (5/15)"
"426",13,"Darren Waller",FA,"TE60","-","Coach Upside rating–No rating available","Coach Bust rating–No rating available","-","-","+1.4","33% (3/9)"
"427",13,"Zach Ertz",FA,"TE61","-","Coach Upside rating–No rating available","Coach Bust rating–No rating available","-","-","-","-"
"428",13,"Mitchell Evans",CAR,"TE62","5","Coach Upside rating–No rating available","Coach Bust rating–No rating available","2 out of 5 stars","-","+0.8","56% (9/16)"
"429",13,"CJ Daniels",LAR,"WR146","11","Coach Upside rating","Coach Bust rating","1 out of 5 stars","-","-","-"
"430",13,"Austin Hooper",ATL,"TE63","11","Coach Upside rating–No rating available","Coach Bust rating–No rating available","3 out of 5 stars","-","+0.2","46% (7/15)"
"431",13,"Malik Benson",LV,"WR147","13","Coach Upside rating","Coach Bust rating","2 out of 5 stars","-","-","-"
"432",13,"Robert Henry Jr.",WAS,"RB121","7","Coach Upside rating","Coach Bust rating","4 out of 5 stars","-","-","-"
"433",13,"DeAndre Hopkins",BAL,"WR148","13","Coach Upside rating–No rating available","Coach Bust rating–No rating available","4 out of 5 stars","-","-0.5","31% (5/16)"
"434",13,"Colbie Young",CIN,"WR149","6","Coach Upside rating","Coach Bust rating","4 out of 5 stars","-","-","-"
"435",13,"Jahdae Walker",CHI,"WR150","10","Coach Upside rating–No rating available","Coach Bust rating–No rating available","3 out of 5 stars","-","+4.9","100% (2/2)"
"436",13,"Tyler Lockett",LV,"WR151","13","Coach Upside rating–No rating available","Coach Bust rating–No rating available","2 out of 5 stars","-","-0.5","37% (6/16)"
"437",13,"Elijah Higgins",ARI,"TE64","14","Coach Upside rating–No rating available","Coach Bust rating–No rating available","2 out of 5 stars","-","+0.1","43% (7/16)"
"438",13,"Joey Slye",TEN,"K28","9","Coach Upside rating–No rating available","Coach Bust rating–No rating available","4 out of 5 stars","-","+2.7","66% (10/15)"
"439",13,"Xavier Restrepo",TEN,"WR152","9","Coach Upside rating–No rating available","Coach Bust rating–No rating available","3 out of 5 stars","-","-","-"
"440",13,"Drew Sample",CIN,"TE65","6","Coach Upside rating–No rating available","Coach Bust rating–No rating available","3 out of 5 stars","-","-0.2","25% (4/16)"
"441",13,"Marlin Klein",HOU,"TE66","8","Coach Upside rating","Coach Bust rating","4 out of 5 stars","-","-","-"
"442",13,"Odell Beckham Jr.",NYG,"WR153","8","Coach Upside rating–No rating available","Coach Bust rating–No rating available","4 out of 5 stars","-","-","-"
"443",13,"Marquez Valdes-Scantling",DAL,"WR154","14","Coach Upside rating–No rating available","Coach Bust rating–No rating available","2 out of 5 stars","-","-1.4","22% (2/9)"
"444",13,"Ty Chandler",NO,"RB122","8","Coach Upside rating–No rating available","Coach Bust rating–No rating available","3 out of 5 stars","-","-","-"
"445",13,"Marcus Mariota",WAS,"QB44","7","Coach Upside rating–No rating available","Coach Bust rating–No rating available","2 out of 5 stars","-","0.0","33% (5/15)"
"446",13,"Jonnu Smith",FA,"TE67","-","Coach Upside rating–No rating available","Coach Bust rating–No rating available","-","-","-1.0","25% (4/16)"
"447",13,"Josh Oliver",MIN,"TE68","6","Coach Upside rating–No rating available","Coach Bust rating–No rating available","4 out of 5 stars","-","+0.6","28% (4/14)"
"448",13,"Tim Patrick",NYJ,"WR155","13","Coach Upside rating–No rating available","Coach Bust rating–No rating available","4 out of 5 stars","-","+1.0","46% (6/13)"
"449",13,"Cade Klubnik",NYJ,"QB45","13","Coach Upside rating","Coach Bust rating","4 out of 5 stars","-","-","-"
"450",13,"Noah Whittington",HOU,"RB123","8","Coach Upside rating","Coach Bust rating","4 out of 5 stars","-","-","-"
"451",13,"Jameis Winston",NYG,"QB46","8","Coach Upside rating–No rating available","Coach Bust rating–No rating available","4 out of 5 stars","-","+3.1","20% (1/5)"
"452",13,"Luke Schoonmaker",DAL,"TE69","14","Coach Upside rating–No rating available","Coach Bust rating–No rating available","2 out of 5 stars","-","-","-"
"453",13,"Hunter Luepke",DAL,"RB124","14","Coach Upside rating–No rating available","Coach Bust rating–No rating available","4 out of 5 stars","-","-","-"
"454",13,"Miles Sanders",FA,"RB125","-","Coach Upside rating–No rating available","Coach Bust rating–No rating available","-","-","-","-"
"455",13,"Mitch Tinsley",CIN,"WR156","6","Coach Upside rating–No rating available","Coach Bust rating–No rating available","4 out of 5 stars","-","-","-"
"456",13,"Elijah Mitchell",PHI,"RB126","10","Coach Upside rating–No rating available","Coach Bust rating–No rating available","4 out of 5 stars","-","-","-"
"457",13,"Jake Bobo",SEA,"WR157","11","Coach Upside rating–No rating available","Coach Bust rating–No rating available","3 out of 5 stars","-","-","-"
"458",13,"Elijah Moore",PHI,"WR158","10","Coach Upside rating–No rating available","Coach Bust rating–No rating available","4 out of 5 stars","-","-","-"
"459",13,"Jaret Patterson",LAC,"RB127","7","Coach Upside rating–No rating available","Coach Bust rating–No rating available","3 out of 5 stars","-","+0.3","33% (2/6)"
"460",13,"Jamari Thrash",CLE,"WR159","11","Coach Upside rating–No rating available","Coach Bust rating–No rating available","3 out of 5 stars","-","-","-"
"461",13,"Tyler Goodson",ATL,"RB128","11","Coach Upside rating–No rating available","Coach Bust rating–No rating available","2 out of 5 stars","-","-","-"
"462",13,"Roman Hemby",LV,"RB129","13","Coach Upside rating","Coach Bust rating","2 out of 5 stars","-","-","-"
"463",13,"Will Dissly",FA,"TE70","-","Coach Upside rating–No rating available","Coach Bust rating–No rating available","-","-","-0.7","25% (2/8)"
"464",14,"Alexander Mattison",FA,"RB130","-","Coach Upside rating–No rating available","Coach Bust rating–No rating available","-","-173","-","-"
"465",14,"Zavier Scott",MIN,"RB131","6","Coach Upside rating–No rating available","Coach Bust rating–No rating available","4 out of 5 stars","-","0.0","40% (6/15)"
"466",14,"Frank Gore Jr.",BUF,"RB132","7","Coach Upside rating–No rating available","Coach Bust rating–No rating available","2 out of 5 stars","-","-","-"
"467",14,"Brandin Cooks",FA,"WR160","-","Coach Upside rating–No rating available","Coach Bust rating–No rating available","-","-","-1.2","20% (3/15)"
"468",14,"Tai Felton",MIN,"WR161","6","Coach Upside rating–No rating available","Coach Bust rating–No rating available","5 out of 5 stars","-","-","-"
"469",14,"Theo Wease Jr.",MIA,"WR162","6","Coach Upside rating–No rating available","Coach Bust rating–No rating available","3 out of 5 stars","-","+11.4","100% (1/1)"
"470",14,"Jaydn Ott",KC,"RB133","5","Coach Upside rating","Coach Bust rating","3 out of 5 stars","-","-","-"
"471",14,"Devonte Boyd",FA,"WR163","-","Coach Upside rating–No rating available","Coach Bust rating–No rating available","-","-","-","-"
"472",14,"Adam Trautman",DEN,"TE71","10","Coach Upside rating–No rating available","Coach Bust rating–No rating available","4 out of 5 stars","-","-0.4","37% (6/16)"
"473",14,"Kenny McIntosh",SEA,"RB134","11","Coach Upside rating–No rating available","Coach Bust rating–No rating available","4 out of 5 stars","-","-","-"
"474",14,"Demarcus Robinson",SF,"WR164","8","Coach Upside rating–No rating available","Coach Bust rating–No rating available","2 out of 5 stars","-","-0.6","38% (5/13)"
"475",14,"Cash Jones",ATL,"RB135","11","Coach Upside rating","Coach Bust rating","2 out of 5 stars","-","-","-"
"476",14,"Jacob Saylors",DET,"RB136","6","Coach Upside rating–No rating available","Coach Bust rating–No rating available","5 out of 5 stars","-","-","-"
"477",14,"Riley Leonard",IND,"QB47","13","Coach Upside rating–No rating available","Coach Bust rating–No rating available","4 out of 5 stars","-156","-0.4","0% (0/3)"
"478",14,"Alec Ingold",LAC,"RB137","7","Coach Upside rating–No rating available","Coach Bust rating–No rating available","3 out of 5 stars","-","-","-"
"479",14,"Roman Wilson",PIT,"WR165","9","Coach Upside rating–No rating available","Coach Bust rating–No rating available","3 out of 5 stars","-","-","-"
"480",14,"AJ Dillon",CAR,"RB138","5","Coach Upside rating–No rating available","Coach Bust rating–No rating available","1 out of 5 stars","-","-0.3","28% (2/7)"
"481",14,"Michael Trigg",DAL,"TE72","14","Coach Upside rating","Coach Bust rating","2 out of 5 stars","-175","-","-"
"482",14,"Ronnie Rivers",LAR,"RB139","11","Coach Upside rating–No rating available","Coach Bust rating–No rating available","5 out of 5 stars","-","-","-"
"483",14,"Patrick Ricard",NYG,"RB140","8","Coach Upside rating–No rating available","Coach Bust rating–No rating available","4 out of 5 stars","-","-","-"
"484",14,"Khalil Herbert",FA,"RB141","-","Coach Upside rating–No rating available","Coach Bust rating–No rating available","-","-","-","-"
"485",14,"Durham Smythe",BAL,"TE73","13","Coach Upside rating–No rating available","Coach Bust rating–No rating available","4 out of 5 stars","-","-","-"
"486",14,"Nate Boerkircher",JAC,"TE74","7","Coach Upside rating","Coach Bust rating","3 out of 5 stars","-","-","-"
"487",14,"Reggie Virgil",ARI,"WR166","14","Coach Upside rating","Coach Bust rating","2 out of 5 stars","-","-","-"
"488",14,"Lil'Jordan Humphrey",DEN,"WR167","10","Coach Upside rating–No rating available","Coach Bust rating–No rating available","2 out of 5 stars","-","-0.2","37% (3/8)"
"489",14,"Van Jefferson",WAS,"WR168","7","Coach Upside rating–No rating available","Coach Bust rating–No rating available","2 out of 5 stars","-","-0.1","37% (6/16)"
"490",14,"Diontae Johnson",FA,"WR169","-","Coach Upside rating–No rating available","Coach Bust rating–No rating available","-","-","-","-"
"491",14,"Xavier Smith",LAR,"WR170","11","Coach Upside rating–No rating available","Coach Bust rating–No rating available","1 out of 5 stars","-","+0.9","40% (4/10)"
"492",14,"Miles Davis",CAR,"RB142","5","Coach Upside rating–No rating available","Coach Bust rating–No rating available","1 out of 5 stars","-","-","-"
"493",14,"Cade Stover",HOU,"TE75","8","Coach Upside rating–No rating available","Coach Bust rating–No rating available","4 out of 5 stars","-","-0.4","37% (3/8)"
"494",14,"Matt Hibner",BAL,"TE76","13","Coach Upside rating","Coach Bust rating","4 out of 5 stars","-","-","-"
"495",14,"Mecole Hardman Jr.",BUF,"WR171","7","Coach Upside rating–No rating available","Coach Bust rating–No rating available","4 out of 5 stars","-","-","-"
"496",14,"Scotty Miller",CHI,"WR172","10","Coach Upside rating–No rating available","Coach Bust rating–No rating available","3 out of 5 stars","-","-","-"
"497",14,"Dontae McMillan",BAL,"RB143","13","Coach Upside rating–No rating available","Coach Bust rating–No rating available","3 out of 5 stars","-","-","-"
"498",14,"Elijah Tau-Tolliver",BAL,"RB144","13","Coach Upside rating–No rating available","Coach Bust rating–No rating available","3 out of 5 stars","-","-","-"
"499",14,"Max Bredeson",MIN,"RB145","6","Coach Upside rating","Coach Bust rating","4 out of 5 stars","-","-","-"
"500",14,"Adam Prentice",DEN,"RB146","10","Coach Upside rating–No rating available","Coach Bust rating–No rating available","2 out of 5 stars","-","-","-"
"501",14,"Pierre Strong Jr.",GB,"RB147","11","Coach Upside rating–No rating available","Coach Bust rating–No rating available","4 out of 5 stars","-","-","-"
"502",14,"Kye Robichaux",DET,"RB148","6","Coach Upside rating–No rating available","Coach Bust rating–No rating available","5 out of 5 stars","-","-","-"
"503",14,"Myles Montgomery",NE,"RB149","11","Coach Upside rating–No rating available","Coach Bust rating–No rating available","2 out of 5 stars","-","-","-"
"504",14,"Michael Woods II",DEN,"WR173","10","Coach Upside rating–No rating available","Coach Bust rating–No rating available","2 out of 5 stars","-","-","-"
"505",14,"Reggie Gilliam",NE,"RB150","11","Coach Upside rating–No rating available","Coach Bust rating–No rating available","2 out of 5 stars","-","-","-"
"506",14,"Jabari Small",DET,"RB151","6","Coach Upside rating–No rating available","Coach Bust rating–No rating available","5 out of 5 stars","-","-","-"
"507",14,"Michael Bandy",DEN,"WR174","10","Coach Upside rating–No rating available","Coach Bust rating–No rating available","2 out of 5 stars","-","-","-"
"508",14,"Gardner Minshew II",ARI,"QB48","14","Coach Upside rating–No rating available","Coach Bust rating–No rating available","2 out of 5 stars","-","-","-"
"509",14,"Kalel Mullings",TEN,"RB152","9","Coach Upside rating–No rating available","Coach Bust rating–No rating available","3 out of 5 stars","-","-0.4","12% (1/8)"
"510",14,"Nathan Carter",ATL,"RB153","11","Coach Upside rating–No rating available","Coach Bust rating–No rating available","2 out of 5 stars","-","-","-"
"511",14,"Drew Allar",PIT,"QB49","9","Coach Upside rating","Coach Bust rating","2 out of 5 stars","-","-","-"
"512",14,"Derius Davis",LAC,"WR175","7","Coach Upside rating–No rating available","Coach Bust rating–No rating available","2 out of 5 stars","-","-","-"
"513",14,"Kendrick Law",DET,"WR176","6","Coach Upside rating","Coach Bust rating","4 out of 5 stars","-","-","-"
"514",14,"Harrison Bryant",FA,"TE77","-","Coach Upside rating–No rating available","Coach Bust rating–No rating available","-","-","-","-"
"515",14,"Raheem Mostert",LV,"RB154","13","Coach Upside rating–No rating available","Coach Bust rating–No rating available","2 out of 5 stars","-","-1.2","16% (2/12)"
"516",14,"British Brooks",HOU,"RB155","8","Coach Upside rating–No rating available","Coach Bust rating–No rating available","4 out of 5 stars","-","-","-"
"517",14,"Donovan Edwards",MIA,"RB156","6","Coach Upside rating–No rating available","Coach Bust rating–No rating available","3 out of 5 stars","-","-","-"
"518",14,"Jermaine Burton",FA,"WR177","-","Coach Upside rating–No rating available","Coach Bust rating–No rating available","-","-","-","-"
"519",14,"Isaiah Williams",FA,"WR178","-","Coach Upside rating–No rating available","Coach Bust rating–No rating available","-","-","-","-"
"520",14,"Zamir White",LV,"RB157","13","Coach Upside rating–No rating available","Coach Bust rating–No rating available","2 out of 5 stars","-","-1.2","0% (0/5)"
"521",14,"Graig Cooper",FA,"RB158","-","Coach Upside rating–No rating available","Coach Bust rating–No rating available","-","-","-","-"
"522",14,"Lew Nichols III",PIT,"RB159","9","Coach Upside rating–No rating available","Coach Bust rating–No rating available","2 out of 5 stars","-","-","-"
"523",14,"Braxton Berrios",NYG,"WR179","8","Coach Upside rating–No rating available","Coach Bust rating–No rating available","4 out of 5 stars","-","-","-"
"524",14,"Travis Homer",PIT,"RB160","9","Coach Upside rating–No rating available","Coach Bust rating–No rating available","2 out of 5 stars","-","-","-"
"525",14,"Jeremy Ruckert",NYJ,"TE78","13","Coach Upside rating–No rating available","Coach Bust rating–No rating available","4 out of 5 stars","-","-0.1","43% (7/16)"
"526",14,"Tyler Conklin",DET,"TE79","6","Coach Upside rating–No rating available","Coach Bust rating–No rating available","3 out of 5 stars","-","-1.4","23% (3/13)"
"527",14,"Sterling Shepard",FA,"WR180","-","Coach Upside rating–No rating available","Coach Bust rating–No rating available","-","-","-0.5","38% (5/13)"
"528",14,"Ja'Lynn Polk",NO,"WR181","8","Coach Upside rating–No rating available","Coach Bust rating–No rating available","3 out of 5 stars","-","-","-"
"529",14,"Myles Price",MIN,"WR182","6","Coach Upside rating–No rating available","Coach Bust rating–No rating available","5 out of 5 stars","-","-","-"
"530",14,"Montorie Foster Jr.",SEA,"WR183","11","Coach Upside rating–No rating available","Coach Bust rating–No rating available","3 out of 5 stars","-","-","-"
"531",14,"Cedrick Wilson Jr.",DET,"WR184","6","Coach Upside rating–No rating available","Coach Bust rating–No rating available","4 out of 5 stars","-","-","-"
"532",14,"Barion Brown",NO,"WR185","8","Coach Upside rating","Coach Bust rating","3 out of 5 stars","-","-","-"
"533",14,"Mo Alie-Cox",IND,"TE80","13","Coach Upside rating–No rating available","Coach Bust rating–No rating available","3 out of 5 stars","-","-","-"
"534",14,"Michael Briscoe",MIN,"WR186","6","Coach Upside rating–No rating available","Coach Bust rating–No rating available","5 out of 5 stars","-","-","-"
"535",14,"Quinn Ewers",MIA,"QB50","6","Coach Upside rating–No rating available","Coach Bust rating–No rating available","3 out of 5 stars","-","-2.6","50% (1/2)"
"536",14,"Will Kacmarek",MIA,"TE81","6","Coach Upside rating","Coach Bust rating","5 out of 5 stars","-","-","-"
"537",14,"Gabe Davis",FA,"WR187","-","Coach Upside rating–No rating available","Coach Bust rating–No rating available","-","-","-","-"
"538",14,"Tanner Hudson",CIN,"TE82","6","Coach Upside rating–No rating available","Coach Bust rating–No rating available","3 out of 5 stars","-","-","-"
"539",14,"Jonathan Mingo",DAL,"WR188","14","Coach Upside rating–No rating available","Coach Bust rating–No rating available","2 out of 5 stars","-","-0.6","25% (1/4)"
"540",14,"Kevin Austin Jr.",NO,"WR189","8","Coach Upside rating–No rating available","Coach Bust rating–No rating available","3 out of 5 stars","-","+0.5","25% (1/4)"
"541",14,"Anthony Gould",IND,"WR190","13","Coach Upside rating–No rating available","Coach Bust rating–No rating available","4 out of 5 stars","-","-","-"
"542",14,"Ray-Ray McCloud III",FA,"WR191","-","Coach Upside rating–No rating available","Coach Bust rating–No rating available","-","-","-","-"
"543",14,"Desmond Reid",FA,"RB161","-","Coach Upside rating","Coach Bust rating","-","-","-","-"
"544",14,"Nate Adkins",DEN,"TE83","10","Coach Upside rating–No rating available","Coach Bust rating–No rating available","4 out of 5 stars","-","-","-"
"545",14,"Miles Kitselman",DET,"TE84","6","Coach Upside rating–No rating available","Coach Bust rating–No rating available","3 out of 5 stars","-","-","-"
"546",14,"Jackson Hawes",BUF,"TE85","7","Coach Upside rating–No rating available","Coach Bust rating–No rating available","3 out of 5 stars","-","+1.2","56% (9/16)"
"547",14,"Xavier Weaver",ARI,"WR192","14","Coach Upside rating–No rating available","Coach Bust rating–No rating available","2 out of 5 stars","-","-1.0","25% (1/4)"
"548",14,"Noah Brown",FA,"WR193","-","Coach Upside rating–No rating available","Coach Bust rating–No rating available","-","-","-","-"
"549",14,"Brock Wright",DET,"TE86","6","Coach Upside rating–No rating available","Coach Bust rating–No rating available","3 out of 5 stars","-","0.0","27% (3/11)"
"550",14,"Ja'Quinden Jackson",FA,"RB162","-","Coach Upside rating–No rating available","Coach Bust rating–No rating available","-","-","-","-"
"551",15,"Josh Reynolds",FA,"WR194","-","Coach Upside rating–No rating available","Coach Bust rating–No rating available","-","-","-1.0","40% (2/5)"
"552",15,"Moliki Matavao",NO,"TE87","8","Coach Upside rating–No rating available","Coach Bust rating–No rating available","2 out of 5 stars","-","-","-"
"553",15,"Johnny Wilson",PHI,"WR195","10","Coach Upside rating–No rating available","Coach Bust rating–No rating available","4 out of 5 stars","-","-","-"
"554",15,"David Sills V",TB,"WR196","10","Coach Upside rating–No rating available","Coach Bust rating–No rating available","4 out of 5 stars","-","-0.3","33% (4/12)"
"555",15,"Corey Kiner",ARI,"RB163","14","Coach Upside rating–No rating available","Coach Bust rating–No rating available","2 out of 5 stars","-","-0.9","50% (2/4)"
"556",15,"Velus Jones Jr.",SEA,"WR197","11","Coach Upside rating–No rating available","Coach Bust rating–No rating available","3 out of 5 stars","-","-","-"
"557",15,"Spencer Rattler",NO,"QB51","8","Coach Upside rating–No rating available","Coach Bust rating–No rating available","3 out of 5 stars","-","-0.9","20% (3/15)"
"558",15,"Jordan Watkins",SF,"WR198","8","Coach Upside rating–No rating available","Coach Bust rating–No rating available","2 out of 5 stars","-","-","-"
"559",15,"Sam Roush",CHI,"TE88","10","Coach Upside rating","Coach Bust rating","2 out of 5 stars","-","-","-"
"560",15,"Jacardia Wright",SEA,"RB164","11","Coach Upside rating–No rating available","Coach Bust rating–No rating available","4 out of 5 stars","-","-","-"
"561",15,"JuJu Smith-Schuster",NYG,"WR199","8","Coach Upside rating–No rating available","Coach Bust rating–No rating available","4 out of 5 stars","-","-0.8","37% (6/16)"
"562",15,"Skyy Moore",GB,"WR200","11","Coach Upside rating–No rating available","Coach Bust rating–No rating available","5 out of 5 stars","-","-","-"
"563",15,"Michael Wortham",JAC,"WR201","7","Coach Upside rating–No rating available","Coach Bust rating–No rating available","4 out of 5 stars","-","-","-"
"564",15,"Trey Palmer",NO,"WR202","8","Coach Upside rating–No rating available","Coach Bust rating–No rating available","3 out of 5 stars","-","-","-"
"565",15,"Tyler Johnson",DAL,"WR203","14","Coach Upside rating–No rating available","Coach Bust rating–No rating available","2 out of 5 stars","-","-0.6","25% (3/12)"
"566",15,"Devin Duvernay",ARI,"WR204","14","Coach Upside rating–No rating available","Coach Bust rating–No rating available","2 out of 5 stars","-","-","-"
"567",15,"Foster Moreau",HOU,"TE89","8","Coach Upside rating–No rating available","Coach Bust rating–No rating available","4 out of 5 stars","-","-1.5","18% (2/11)"
"568",15,"Davis Allen",LAR,"TE90","11","Coach Upside rating–No rating available","Coach Bust rating–No rating available","4 out of 5 stars","-","+0.2","37% (6/16)"
"569",15,"Cam Akers",FA,"RB165","-","Coach Upside rating–No rating available","Coach Bust rating–No rating available","-","-","-","-"
"570",15,"Michael Burton",CLE,"RB166","11","Coach Upside rating–No rating available","Coach Bust rating–No rating available","3 out of 5 stars","-","-","-"
"571",15,"Joshua Pitsenberger",HOU,"RB167","8","Coach Upside rating–No rating available","Coach Bust rating–No rating available","4 out of 5 stars","-","-","-"
"572",15,"Arian Smith",NYJ,"WR205","13","Coach Upside rating–No rating available","Coach Bust rating–No rating available","4 out of 5 stars","-","-1.9","7% (1/14)"
"573",15,"Montrell Johnson Jr.",FA,"RB168","-","Coach Upside rating–No rating available","Coach Bust rating–No rating available","-","-","-","-"
"574",15,"Khalil Dinkins",FA,"TE91","-","Coach Upside rating–No rating available","Coach Bust rating–No rating available","-","-","-","-"
"575",15,"Tyler Badie",DEN,"RB169","10","Coach Upside rating–No rating available","Coach Bust rating–No rating available","2 out of 5 stars","-","-0.6","40% (6/15)"
"576",15,"Jeshaun Jones",MIN,"WR206","6","Coach Upside rating–No rating available","Coach Bust rating–No rating available","5 out of 5 stars","-","-","-"
"577",15,"KeAndre Lambert-Smith",LAC,"WR207","7","Coach Upside rating–No rating available","Coach Bust rating–No rating available","2 out of 5 stars","-","-0.2","22% (2/9)"
"578",15,"Patrick Taylor Jr.",SF,"RB170","8","Coach Upside rating–No rating available","Coach Bust rating–No rating available","2 out of 5 stars","-","-","-"
"579",15,"Terion Stewart",KC,"RB171","5","Coach Upside rating","Coach Bust rating","3 out of 5 stars","-","-","-"
"580",15,"Josh Cameron",JAC,"WR208","7","Coach Upside rating","Coach Bust rating","4 out of 5 stars","-","-","-"