"Player","Team","POS","ATT","YDS","TDS","REC","YDS","TDS","FL","FPTS"
" "," ","","",""
"Jahmyr Gibbs","DET","RB1","274.4","1,380.5","13.8","70.9","580.2","4.1","1.1","301.5"
"Bijan Robinson","ATL","RB2","289.5","1,426.4","9.5","79.6","737.1","3.5","1.8","290.3"
"Jonathan Taylor","IND","RB3","327.4","1,509.8","12.9","43.8","326.7","1.4","1.7","265.9"
"Christian McCaffrey","SF","RB4","270.9","1,099.4","9.2","75.9","669.4","4.7","1.1","257.8"
"Derrick Henry","BAL","RB5","314.0","1,568.1","13.4","17.8","172.1","0.7","1.7","255.1"
"James Cook III","BUF","RB6","287.3","1,403.5","10.3","33.3","281.7","1.9","2.4","236.9"
"De'Von Achane","MIA","RB7","237.9","1,197.5","6.0","65.3","490.6","4.0","1.0","226.7"
"Saquon Barkley","PHI","RB8","295.8","1,310.8","8.2","41.7","330.3","2.1","1.0","224.1"
"Puka Nacua","LAR","WR1","13.6","85.0","1.4","117.0","1,539.0","9.0","1.0","222.8"
"Josh Jacobs","GB","RB9","288.7","1,160.8","12.0","35.7","283.7","1.2","1.3","221.1"
"Ashton Jeanty","LV","RB10","281.4","1,107.1","8.0","58.6","414.4","3.3","1.1","218.2"
"Ja'Marr Chase","CIN","WR2","3.0","17.0","0.0","121.2","1,510.2","10.6","1.0","214.4"
"Chase Brown","CIN","RB11","239.4","1,040.0","7.5","64.4","430.1","3.9","1.1","213.2"
"Jaxon Smith-Njigba","SEA","WR3","5.5","30.4","0.1","110.9","1,568.2","9.2","1.1","213.1"
"Omarion Hampton","LAC","RB12","249.1","1,072.9","10.0","51.6","352.6","2.0","1.1","211.9"
"Kyren Williams","LAR","RB13","240.2","1,118.1","10.1","33.5","239.6","2.2","1.5","206.3"
"Breece Hall","NYJ","RB14","259.3","1,159.7","6.5","47.4","411.3","2.2","1.7","206.2"
"Kenneth Walker III","KC","RB15","255.7","1,158.1","8.3","45.1","347.2","1.2","0.9","206.1"
"Amon-Ra St. Brown","DET","WR4","3.1","11.8","0.0","117.0","1,390.3","10.5","0.4","202.4"
"Javonte Williams","DAL","RB16","257.5","1,167.4","10.4","33.0","192.2","1.2","1.6","202.0"
"Jeremiyah Love","ARI","RB17","238.3","1,078.7","7.2","54.4","419.5","2.1","2.2","201.3"
"Cam Skattebo","NYG","RB18","243.4","1,015.7","8.1","45.8","364.0","2.5","1.6","198.5"
"Travis Etienne Jr.","NO","RB19","251.9","1,063.5","5.3","45.2","353.7","3.0","1.0","189.9"
"D'Andre Swift","CHI","RB20","233.1","1,052.8","8.0","34.8","299.8","1.0","1.0","187.8"
"Drake London","ATL","WR5","0.0","0.0","0.0","101.7","1,329.6","9.4","1.0","187.6"
"Bucky Irving","TB","RB21","259.3","1,031.9","6.2","40.7","342.0","2.3","1.0","186.2"
"Quinshon Judkins","CLE","RB22","289.4","1,104.3","8.1","31.3","218.3","0.6","0.9","182.4"
"Bhayshul Tuten","JAC","RB23","243.0","992.6","8.2","29.2","221.6","2.1","2.2","179.2"
"CeeDee Lamb","DAL","WR6","2.4","12.5","0.0","97.7","1,298.1","7.5","0.3","175.7"
"Rashee Rice","KC","WR7","5.4","25.5","0.9","98.7","1,099.2","9.7","0.6","174.5"
"Justin Jefferson","MIN","WR8","1.3","5.5","0.0","98.6","1,302.0","6.8","0.3","171.0"
"George Pickens","DAL","WR9","0.3","-0.3","0.0","82.7","1,202.7","8.4","0.5","169.7"
"A.J. Brown","NE","WR10","0.0","0.0","0.0","88.7","1,234.3","7.6","0.3","168.7"
"Nico Collins","HOU","WR11","1.4","8.3","0.4","82.5","1,213.2","7.3","0.8","166.1"
"TreVeyon Henderson","NE","RB24","190.1","885.9","7.3","37.7","261.5","1.2","0.9","163.9"
"Chris Olave","NO","WR12","0.3","0.0","0.0","94.1","1,169.1","7.8","0.3","163.1"
"Zay Flowers","BAL","WR13","9.9","58.8","0.5","81.9","1,168.2","6.5","1.5","161.6"
"David Montgomery","HOU","RB25","225.5","936.6","7.3","30.5","226.4","0.5","1.0","161.5"
"Jadarian Price","SEA","RB26","215.2","911.9","7.6","26.0","220.1","1.1","2.0","161.5"
"Tony Pollard","TEN","RB27","238.8","1,045.3","5.9","31.9","207.7","0.5","2.1","159.2"
"Emeka Egbuka","TB","WR14","1.4","7.3","0.0","72.9","1,096.6","7.5","0.3","154.9"
"Rico Dowdle","PIT","RB28","206.6","899.0","6.2","32.1","225.6","1.0","1.0","153.6"
"Davante Adams","LAR","WR15","0.0","0.0","0.0","68.5","925.9","10.2","0.2","153.5"
"J.K. Dobbins","DEN","RB29","218.2","1,020.7","6.6","17.7","94.3","0.6","0.7","152.9"
"Jameson Williams","DET","WR16","7.3","42.0","0.5","64.4","1,064.9","6.6","0.2","152.8"
"Chuba Hubbard","CAR","RB30","208.8","841.5","5.4","36.3","259.6","1.8","1.5","150.8"
"Tee Higgins","CIN","WR17","0.0","0.0","0.0","70.7","964.6","9.1","0.2","150.6"
"Jaylen Warren","PIT","RB31","188.0","825.5","4.8","42.0","320.6","1.5","0.9","150.5"
"Rhamondre Stevenson","NE","RB32","168.8","733.6","6.5","36.8","309.8","1.6","2.1","149.1"
"Tetairoa McMillan","CAR","WR18","0.0","0.0","0.0","78.3","1,121.9","6.4","0.9","148.9"
"DeVonta Smith","PHI","WR19","0.0","0.0","0.0","87.8","1,134.7","6.0","0.3","148.9"
"Malik Nabers","NYG","WR20","2.7","7.5","0.0","75.4","1,014.3","7.9","0.3","148.9"
"Garrett Wilson","NYJ","WR21","1.1","4.3","0.0","97.5","1,106.2","6.4","1.1","147.7"
"Brock Bowers","LV","TE1","0.0","0.0","0.0","96.5","1,025.3","7.5","0.2","147.3"
"Trey McBride","ARI","TE2","0.0","0.0","0.0","110.3","1,065.4","6.9","0.2","147.2"
"Rome Odunze","CHI","WR22","0.3","1.3","0.0","63.4","980.0","8.1","0.3","146.4"
"Alec Pierce","IND","WR23","0.0","0.0","0.0","64.0","1,048.9","6.5","0.3","143.2"
"Terry McLaurin","WAS","WR24","0.3","0.3","0.0","71.6","982.6","7.6","0.3","143.2"
"DJ Moore","BUF","WR25","10.3","54.0","0.5","69.1","899.6","7.0","0.8","138.6"
"Ladd McConkey","LAC","WR26","0.0","0.0","0.0","76.9","976.9","6.4","0.3","135.6"
"Luther Burden III","CHI","WR27","7.7","38.2","0.1","72.7","972.7","5.7","0.3","135.3"
"Jaylen Waddle","DEN","WR28","1.7","12.4","0.0","74.6","983.8","6.0","0.3","135.1"
"Courtland Sutton","DEN","WR29","0.0","0.0","0.0","69.4","902.9","7.5","0.2","134.9"
"Christian Watson","GB","WR30","1.7","8.0","0.0","56.0","901.6","7.4","0.3","134.9"
"Kyle Monangai","CHI","RB33","191.0","816.6","5.2","22.9","192.7","0.4","0.7","133.0"
"Jacory Croskey-Merritt","WAS","RB34","182.3","820.7","7.5","11.2","79.6","0.2","1.7","132.4"
"Mike Evans","SF","WR31","0.0","0.0","0.0","65.1","918.0","6.7","0.2","131.7"
"RJ Harvey","DEN","RB35","130.4","495.5","4.6","46.6","343.9","3.5","0.8","131.3"
"Colston Loveland","CHI","TE3","0.0","0.0","0.0","78.1","915.8","6.7","0.2","131.2"
"DK Metcalf","PIT","WR32","0.7","3.3","0.3","64.2","923.4","6.0","0.2","130.5"
"Marvin Harrison Jr.","ARI","WR33","0.0","0.0","0.0","67.2","945.3","6.0","0.3","130.0"
"Rachaad White","WAS","RB36","139.9","618.2","5.4","39.0","263.3","1.6","0.8","128.4"
"Aaron Jones Sr.","MIN","RB37","160.0","681.9","3.6","41.0","303.3","1.7","1.6","127.0"
"Blake Corum","LAR","RB38","167.7","801.5","6.4","11.9","80.3","0.2","0.7","126.7"
"Jordan Mason","MIN","RB39","181.6","827.5","5.8","14.5","75.8","0.1","1.0","123.9"
"Brian Thomas Jr.","JAC","WR34","2.7","18.0","0.4","55.7","837.7","5.3","0.2","119.6"
"Tyler Warren","IND","TE4","0.0","0.0","0.0","82.9","870.5","5.4","0.3","118.8"
"Parker Washington","JAC","WR35","5.3","13.6","0.1","60.9","843.6","5.4","0.4","117.8"
"Kenny Gainwell","TB","RB40","110.7","485.2","3.8","49.7","351.6","2.0","0.9","116.6"
"Kyle Pitts Sr.","ATL","TE5","0.0","0.0","0.0","79.5","882.1","4.7","0.1","116.3"
"Quentin Johnston","LAC","WR36","1.7","6.3","0.0","53.6","755.9","6.9","0.7","116.1"
"Jakobi Meyers","JAC","WR37","4.7","23.0","0.1","70.6","814.5","5.4","0.8","115.1"
"Carnell Tate","TEN","WR38","0.7","3.0","0.0","66.3","902.7","4.5","1.4","115.1"
"Dallas Goedert","PHI","TE6","0.0","0.0","0.0","65.5","689.1","7.5","0.2","113.8"
"Jordan Addison","MIN","WR39","2.7","37.1","0.4","55.2","757.6","5.4","0.2","113.6"
"Jayden Reed","GB","WR40","12.0","86.6","0.1","62.8","757.8","4.8","0.4","113.3"
"Sam LaPorta","DET","TE7","0.0","0.0","0.0","69.8","809.2","5.5","0.2","113.2"
"Tucker Kraft","GB","TE8","0.0","0.0","0.0","58.7","755.6","6.3","0.2","113.1"
"Harold Fannin Jr.","CLE","TE9","0.0","0.0","0.0","78.3","815.4","5.4","0.8","112.3"
"Xavier Worthy","KC","WR41","15.5","99.3","0.9","55.1","721.8","4.2","0.2","112.1"
"Michael Pittman Jr.","PIT","WR42","0.0","0.0","0.0","80.5","803.3","5.0","0.3","109.4"
"Jordyn Tyson","NO","WR43","0.7","3.3","0.0","63.2","856.5","4.3","1.3","109.2"
"Travis Kelce","KC","TE10","0.0","0.0","0.0","74.9","784.4","5.2","0.3","108.8"
"George Kittle","SF","TE11","0.0","0.0","0.0","66.3","756.3","5.6","0.2","108.8"
"Ricky Pearsall","SF","WR44","4.2","21.2","0.1","59.7","832.0","3.9","0.3","108.7"
"Jonathon Brooks","CAR","RB41","154.8","623.7","3.9","25.1","192.9","1.1","1.4","108.4"
"Chris Godwin Jr.","TB","WR45","0.3","0.3","0.0","67.8","772.8","5.2","0.3","107.8"
"Michael Wilson","ARI","WR46","0.0","0.7","0.0","66.3","810.6","4.4","0.2","107.2"
"Rashid Shaheed","SEA","WR47","13.4","88.8","0.3","49.9","754.7","3.7","0.8","106.7"
"Mark Andrews","BAL","TE12","0.0","0.0","0.0","58.3","607.6","7.7","0.3","106.5"
"Romeo Doubs","NE","WR48","0.0","0.0","0.0","57.8","751.3","5.3","0.3","106.5"
"Wan'Dale Robinson","TEN","WR49","2.0","9.5","0.1","83.0","833.8","3.6","0.3","105.9"
"Makai Lemon","PHI","WR50","1.5","7.0","0.0","56.8","798.1","4.6","1.3","105.6"
"Calvin Ridley","TEN","WR51","4.5","27.5","0.6","48.1","785.4","3.3","0.2","104.3"
"Zach Charbonnet","SEA","RB42","130.5","532.3","5.6","19.8","147.0","0.5","0.7","103.2"
"Dalton Kincaid","BUF","TE13","0.0","0.0","0.0","56.8","701.6","5.5","0.2","102.6"
"Isaiah Likely","NYG","TE14","0.0","0.0","0.0","62.9","746.2","5.1","1.3","102.5"
"Matthew Golden","GB","WR52","5.5","27.3","0.1","54.9","731.6","4.2","0.4","101.0"
"Woody Marks","HOU","RB43","142.6","555.4","2.7","24.0","197.8","1.8","0.8","100.3"
"Khalil Shakir","BUF","WR53","1.1","5.5","0.0","72.4","748.1","4.2","0.8","99.4"
"John Metchie III","CAR","WR54","3.0","-4.0","0.0","65.0","617.0","6.0","0.0","97.7"
"Hunter Henry","NE","TE15","0.0","0.0","0.0","56.3","651.7","5.4","0.1","97.4"
"Theo Wease Jr.","MIA","WR55","2.0","8.0","0.0","48.0","685.0","5.0","1.0","97.3"
"Josh Downs","IND","WR56","1.4","4.3","0.0","74.9","722.2","4.2","0.8","96.6"
"Jalen Coker","CAR","WR57","0.0","0.0","0.0","57.4","694.7","4.6","0.8","95.3"
"Rashod Bateman","BAL","WR58","0.0","0.0","0.0","38.3","594.4","6.0","0.2","95.0"
"Isiah Pacheco","DET","RB44","139.2","581.1","3.5","21.1","136.1","0.6","0.8","94.8"
"Jake Ferguson","DAL","TE16","0.0","0.0","0.0","74.1","607.3","5.9","1.4","93.6"
"Tre Tucker","LV","WR59","11.2","52.9","0.2","50.1","634.1","3.8","0.1","92.0"
"Brenton Strange","JAC","TE17","0.0","0.0","0.0","60.0","658.0","4.3","0.2","91.4"
"Tyrone Tracy Jr.","NYG","RB45","118.3","502.6","2.5","26.3","203.3","1.2","0.8","91.0"
"Jerry Jeudy","CLE","WR60","0.5","2.0","0.0","54.2","746.8","2.9","0.7","90.5"
"Tyjae Spears","TEN","RB46","92.1","368.0","2.9","45.9","305.2","1.2","0.7","90.5"
"KC Concepcion","CLE","WR61","4.2","22.4","0.1","55.7","707.8","3.1","1.3","89.8"
"Juwan Johnson","NO","TE18","0.0","0.0","0.0","64.5","726.2","3.2","1.3","89.5"
"Chris Rodriguez Jr.","JAC","RB47","133.8","553.1","5.1","5.4","42.5","0.1","0.6","89.4"
"Alvin Kamara","NO","RB48","116.6","454.6","2.1","34.6","233.6","1.5","0.6","88.9"
"Jayden Higgins","HOU","WR62","0.0","0.0","0.0","49.3","608.8","4.7","0.2","88.8"
"Jalen McMillan","TB","WR63","4.7","26.8","0.1","46.6","605.7","3.9","0.2","87.0"
"Brian Robinson Jr.","ATL","RB49","129.3","563.9","4.3","6.9","43.1","0.1","0.7","86.1"
"Jauan Jennings","MIN","WR64","0.0","0.0","0.0","48.7","557.0","5.2","0.7","85.2"
"Jalen Nailor","LV","WR65","2.0","8.5","0.0","42.0","566.9","4.4","0.2","83.8"
"Dalton Schultz","HOU","TE19","0.0","0.0","0.0","65.8","630.1","3.4","0.2","82.9"
"Antonio Williams","WAS","WR66","3.5","18.7","0.1","44.4","600.1","3.6","1.2","81.7"
"Justice Hill","BAL","RB50","56.4","273.5","2.2","34.7","303.0","1.8","0.2","81.3"
"Pat Freiermuth","PIT","TE20","0.0","0.0","0.0","53.0","557.9","4.3","0.2","80.9"
"Tank Dell","HOU","WR67","10.2","48.8","0.1","43.1","545.8","3.4","0.1","79.9"
"Kenyon Sadiq","NYJ","TE21","0.0","0.0","0.0","51.1","558.0","4.1","0.7","79.0"
"Greg Dulcich","MIA","TE22","0.0","0.0","0.0","54.6","619.7","3.2","1.2","78.9"
"Tyler Allgeier","ARI","RB51","111.7","428.1","4.2","17.0","108.5","0.2","0.6","78.5"
"Braelon Allen","NYJ","RB52","106.0","427.9","4.3","12.9","93.7","0.7","1.7","78.5"
"AJ Dillon","CAR","RB53","123.0","509.0","3.0","16.0","136.0","1.0","5.0","78.5"
"Samaje Perine","CIN","RB54","98.9","443.2","3.7","17.9","135.1","0.4","1.9","78.3"
"Cooper Kupp","SEA","WR68","0.5","1.5","0.0","47.4","583.8","3.4","0.7","77.7"
"Denzel Boston","CLE","WR69","1.0","5.0","0.0","48.8","612.0","2.9","0.8","77.4"
"Jordan James","SF","RB55","102.3","416.6","3.2","16.1","148.3","0.7","1.2","77.2"
"Adonai Mitchell","NYJ","WR70","2.2","11.2","0.1","38.5","563.9","3.3","0.5","76.9"
"T.J. Hockenson","MIN","TE23","0.0","0.0","0.0","63.9","574.0","3.3","0.2","76.7"
"Oronde Gadsden II","LAC","TE24","0.0","0.0","0.0","45.5","563.9","3.6","0.7","76.6"
"Terrance Ferguson","LAR","TE25","0.0","0.0","0.0","36.3","500.3","4.5","0.2","76.5"
"AJ Barner","SEA","TE26","0.0","0.0","0.0","48.6","469.5","4.9","0.2","75.7"
"Omar Cooper Jr.","NYJ","WR71","2.1","12.5","0.1","46.3","550.3","3.3","1.2","74.1"
"Cade Otton","TB","TE27","0.0","0.0","0.0","54.8","556.7","3.1","0.1","74.0"
"Germie Bernard","PIT","WR72","2.1","10.8","0.0","44.6","550.8","3.1","0.8","73.5"
"Chig Okonkwo","WAS","TE28","0.0","0.0","0.0","53.9","567.2","2.7","0.1","72.9"
"Dylan Sampson","CLE","RB56","73.5","254.1","1.3","35.9","284.6","2.1","1.2","72.0"
"Ty Johnson","BUF","RB57","51.6","218.7","2.0","24.9","250.7","2.1","0.2","71.4"
"Darnell Mooney","NYG","WR73","1.1","6.0","0.0","36.5","534.8","2.8","0.1","70.6"
"Kayshon Boutte","NE","WR74","0.0","0.0","0.0","30.3","462.5","4.0","0.1","70.3"
"Travis Hunter","JAC","WR75","2.0","10.8","0.1","41.6","496.2","3.3","0.4","70.0"
"Mike Gesicki","CIN","TE29","0.0","0.0","0.0","44.0","461.1","3.9","0.1","69.1"
"Bub Means","NO","WR76","1.0","7.0","0.0","38.0","516.0","3.0","1.0","68.3"
"Tyquan Thornton","KC","WR77","0.0","0.0","0.0","25.4","465.9","3.5","0.1","67.2"
"Kaelon Black","SF","RB58","98.1","387.6","3.2","8.6","79.4","0.6","1.1","67.1"
"Darius Slayton","NYG","WR78","1.6","8.6","0.0","35.4","521.0","2.5","0.7","66.8"
"Emari Demercado","KC","RB59","76.8","425.9","1.7","16.3","119.0","0.8","1.7","66.2"
"Ja'Kobi Lane","BAL","WR79","1.5","8.5","0.0","30.4","459.2","3.4","0.6","66.1"
"Christian Kirk","SF","WR80","0.0","0.0","0.0","39.5","476.0","3.0","0.1","65.7"
"Tory Horton","SEA","WR81","0.5","3.0","0.0","30.3","400.9","4.2","0.6","64.1"
"Tank Bigsby","PHI","RB60","85.6","419.4","3.2","3.3","29.3","0.1","0.2","64.0"
"Malik Washington","MIA","WR82","13.4","80.2","0.7","43.5","390.0","2.3","0.8","63.5"
"Evan Engram","DEN","TE30","0.0","0.0","0.0","53.4","471.8","2.7","0.1","63.2"
"Mike Washington Jr.","LV","RB61","92.8","352.5","2.1","15.2","121.5","0.6","0.7","62.5"
"Gunnar Helm","TEN","TE31","0.0","0.0","0.0","48.9","443.1","3.1","0.2","62.5"
"Jaylin Noel","HOU","WR83","4.2","22.2","0.1","39.5","452.3","2.5","0.4","62.3"
"Nick Westbrook-Ikhine","IND","WR84","0.0","0.0","0.0","34.3","432.7","3.0","0.3","60.9"
"Troy Franklin","DEN","WR85","3.0","10.8","0.0","36.5","395.9","3.4","0.6","60.1"
"Isaac TeSlaa","DET","WR86","0.0","0.0","0.0","25.4","351.8","4.1","0.1","59.6"
"Keaton Mitchell","LAC","RB62","85.2","395.4","1.9","11.5","82.7","0.2","0.7","59.2"
"Malik Davis","DAL","RB63","79.6","373.1","2.7","6.6","52.3","0.1","0.1","59.1"
"Devaughn Vele","NO","WR87","0.0","0.0","0.0","35.1","422.8","2.8","0.1","59.1"
"De'Zhaun Stribling","SF","WR88","1.5","6.5","0.0","32.3","440.4","2.5","0.6","58.4"
"Hollywood Brown","PHI","WR89","0.0","0.0","0.0","31.3","389.5","3.3","0.1","58.3"
"Andrei Iosivas","CIN","WR90","2.5","11.1","0.0","31.1","393.6","2.9","0.1","57.8"
"David Njoku","LAC","TE32","0.0","0.0","0.0","35.9","336.9","4.0","0.1","57.7"
"Colby Parkinson","LAR","TE33","0.0","0.0","0.0","34.3","354.3","3.9","0.6","57.6"
"Adam Randall","BAL","RB64","55.1","281.5","2.0","10.3","103.4","1.1","0.6","55.7"
"Ryan Flournoy","DAL","WR91","2.2","12.4","0.1","34.0","384.5","2.7","0.4","55.5"
"Dyami Brown","WAS","WR92","0.0","0.0","0.0","29.9","394.6","2.7","0.3","55.0"
"Tre' Harris","LAC","WR93","0.0","0.0","0.0","34.5","407.8","2.5","0.4","54.8"
"Caleb Douglas","MIA","WR94","1.0","5.5","0.0","33.1","419.0","2.3","0.7","54.7"
"Chris Bell","MIA","WR95","0.0","0.0","0.0","34.2","448.9","1.7","0.4","54.1"
"Jalen Tolbert","MIA","WR96","0.0","0.0","0.0","35.4","441.7","1.8","0.3","54.1"
"Ted Hurst III","TB","WR97","1.0","6.5","0.0","28.9","389.3","2.6","0.6","53.7"
"Mason Taylor","NYJ","TE34","0.0","0.0","0.0","44.5","390.8","2.4","0.1","53.2"
"Jack Bech","LV","WR98","0.0","0.0","0.0","38.0","440.8","1.6","0.4","53.1"
"MarShawn Lloyd","GB","RB65","67.2","286.0","2.1","12.1","85.2","0.6","0.3","52.4"
"Jahan Dotson","ATL","WR99","0.0","0.0","0.0","31.9","401.0","2.0","0.2","51.9"
"Ashton Dulin","IND","WR100","5.1","46.2","0.1","22.5","378.4","1.5","0.1","51.6"
"Chris Brooks","GB","RB66","72.7","323.2","1.3","15.4","107.6","0.3","0.6","51.5"
"Elic Ayomanor","TEN","WR101","0.0","0.0","0.0","23.9","323.0","3.2","0.0","51.5"
"Dawson Knox","BUF","TE35","0.0","0.0","0.0","28.7","328.7","2.9","0.1","50.3"
"Michael Mayer","LV","TE36","0.0","0.0","0.0","40.0","377.5","2.1","0.1","50.1"
"Dontayvion Wicks","PHI","WR102","0.5","3.0","0.0","31.1","354.9","2.4","0.1","49.9"
"Kimani Vidal","LAC","RB67","62.2","251.0","1.6","11.9","104.3","0.7","0.1","49.1"
"Zachariah Branch","ATL","WR103","0.0","0.0","0.0","31.4","382.1","1.9","0.3","48.9"
"Chimere Dike","TEN","WR104","10.1","33.6","0.3","26.1","252.9","3.3","0.6","48.7"
"Theo Johnson","NYG","TE37","0.0","0.0","0.0","27.7","315.4","2.9","0.1","48.7"
"Van Jefferson","WAS","WR105","0.0","0.0","0.0","28.0","357.7","1.9","0.2","47.0"
"KaVontae Turpin","DAL","WR106","17.7","102.5","0.4","18.2","230.3","1.7","0.4","45.4"
"Savion Williams","GB","WR107","9.0","47.0","0.3","23.9","272.0","2.0","0.3","45.1"
"Tyler Higbee","LAR","TE38","0.0","0.0","0.0","26.1","306.4","2.4","0.0","45.1"
"Xavier Legette","CAR","WR108","2.1","10.8","0.1","26.6","308.1","2.1","0.3","44.1"
"Pat Bryant","DEN","WR109","0.0","0.0","0.0","28.4","319.7","2.1","0.3","44.0"
"James Conner","ARI","RB68","42.5","155.0","1.5","18.0","131.0","1.0","0.0","43.6"
"Emanuel Wilson","SEA","RB69","69.7","289.5","1.7","7.7","52.1","0.0","0.5","43.5"
"Xavier Hutchinson","HOU","WR110","2.1","14.2","0.0","24.8","300.8","2.0","0.1","43.4"
"Jaylen Wright","MIA","RB70","79.9","308.0","1.5","7.2","52.5","0.1","1.2","43.4"
"Joshua Palmer","BUF","WR111","0.0","0.0","0.0","25.9","337.3","1.6","0.1","43.3"
"Darnell Washington","PIT","TE39","0.0","0.0","0.0","30.7","327.7","2.0","0.6","43.2"
"Marvin Mims Jr.","DEN","WR112","8.2","45.0","0.3","24.2","272.5","1.6","0.4","42.5"
"Olamide Zaccheaus","ATL","WR113","1.5","9.5","0.0","31.9","295.6","1.9","0.1","41.7"
"Calvin Austin III","NYG","WR114","0.0","0.0","0.0","20.5","273.7","2.2","0.0","40.8"
"Cedric Tillman","CLE","WR115","0.0","-0.5","0.0","21.5","269.0","2.3","0.0","40.4"
"Cole Kmet","CHI","TE40","0.0","0.0","0.0","25.9","271.4","2.2","0.1","40.3"
"Keon Coleman","BUF","WR116","0.0","0.0","0.0","19.4","266.0","2.3","0.2","39.7"
"Elijah Sarratt","BAL","WR117","0.0","0.0","0.0","19.5","294.4","1.8","0.2","39.7"
"Jawhar Jordan","HOU","RB71","51.3","218.5","1.1","11.0","87.0","0.5","0.5","39.3"
"Jahdae Walker","CHI","WR118","0.5","3.5","0.0","17.1","225.8","2.7","0.0","38.9"
"DeMario Douglas","NE","WR119","4.1","21.4","0.2","22.7","271.0","1.5","0.3","38.6"
"Jaylin Lane","WAS","WR120","0.0","0.0","0.0","22.8","280.9","1.8","0.2","38.4"
"Chris Brazzell II","CAR","WR121","0.0","0.0","0.0","22.5","287.9","1.7","0.2","38.3"
"Ja'Tavion Sanders","CAR","TE41","0.0","0.0","0.0","29.3","263.8","2.0","0.1","38.3"
"Jaydon Blue","DAL","RB72","48.7","205.0","1.5","8.8","61.9","0.4","0.2","37.7"
"Tommy Tremble","CAR","TE42","0.0","0.0","0.0","26.5","253.1","2.0","0.1","36.9"
"Kendre Miller","NO","RB73","52.4","209.8","2.1","4.0","28.0","0.0","0.0","36.6"
"Demarcus Robinson","SF","WR122","0.5","2.5","0.0","17.7","252.3","1.7","0.0","35.4"
"Noah Fant","NO","TE43","0.0","0.0","0.0","30.4","285.0","1.7","1.6","35.3"
"Will Kacmarek","MIA","TE44","0.0","0.0","0.0","26.6","250.8","1.9","0.6","35.2"
"Elijah Arroyo","SEA","TE45","0.0","0.0","0.0","23.6","240.1","1.9","0.2","34.8"
"Josh Oliver","MIN","TE46","0.0","0.0","0.0","18.6","193.9","2.4","0.1","33.5"
"Austin Hooper","ATL","TE47","0.0","0.0","0.0","22.5","236.8","1.6","0.1","33.2"
"George Holani","SEA","RB74","38.9","164.2","1.5","8.0","62.2","0.3","0.2","33.1"
"Tutu Atwell","MIA","WR123","2.2","11.3","0.1","20.4","291.7","0.5","0.2","33.0"
"Daniel Bellinger","TEN","TE48","0.0","0.0","0.0","19.3","222.3","1.7","0.0","32.6"
"Erick All Jr.","CIN","TE49","0.0","0.0","0.0","26.1","228.3","1.6","0.1","32.4"
"Frank Gore Jr.","BUF","RB75","37.0","174.0","2.0","3.0","26.0","0.0","0.0","32.0"
"Charlie Kolar","LAC","TE50","0.0","0.0","0.0","17.8","205.2","1.9","0.0","31.6"
"Brock Wright","DET","TE51","0.0","0.0","0.0","19.4","175.1","2.3","0.0","31.3"
"Kyle Juszczyk","SF","RB76","4.2","10.3","0.1","23.8","209.5","1.5","0.1","31.3"
"Eli Stowers","PHI","TE52","0.0","0.0","0.0","22.7","232.4","1.5","0.6","31.2"
"Roschon Johnson","CHI","RB77","33.0","115.0","3.0","3.0","17.0","0.0","0.0","31.2"
"Luke McCaffrey","WAS","WR124","0.0","0.0","0.0","12.0","189.0","2.0","0.0","30.9"
"Ollie Gordon II","MIA","RB78","49.4","202.8","1.2","3.9","27.8","0.1","0.2","30.7"
"Kevin Coleman Jr.","MIA","WR125","0.0","0.0","0.0","21.1","270.5","0.7","0.2","30.6"
"Noah Gray","KC","TE53","0.0","0.0","0.0","21.0","211.3","1.5","0.1","29.8"
"Sean Tucker","TB","RB79","38.8","163.6","2.2","0.5","3.0","0.0","0.1","29.7"
"Luke Musgrave","GB","TE54","0.0","0.0","0.0","23.0","223.1","1.2","0.1","29.6"
"Emmett Johnson","KC","RB80","39.7","165.1","1.3","5.2","41.1","0.2","0.1","29.3"
"Treylon Burks","WAS","WR126","0.0","0.0","0.0","15.8","215.5","1.3","0.1","29.0"
"Jalen Royals","KC","WR127","0.0","0.0","0.0","17.1","198.7","1.6","0.2","28.9"
"Adam Trautman","DEN","TE55","0.0","0.0","0.0","19.4","194.0","1.5","0.0","28.2"
"Ray Davis","BUF","RB81","32.3","137.8","1.1","7.8","60.0","0.4","0.2","28.1"
"Eli Raridon","NE","TE56","0.0","0.0","0.0","18.8","195.8","1.5","0.6","27.7"
"Isaiah Davis","NYJ","RB82","26.4","135.0","0.9","9.9","78.2","0.2","0.0","27.7"
"Kendrick Bourne","ARI","WR128","0.0","0.0","0.0","22.7","239.7","0.7","0.2","27.5"
"Skyler Bell","BUF","WR129","0.0","0.0","0.0","15.1","205.5","1.2","0.2","27.5"
"Kalif Raymond","CHI","WR130","4.6","27.2","0.2","19.2","186.9","0.9","0.2","27.3"
"DJ Giddens","IND","RB83","33.6","141.5","1.0","8.6","56.7","0.3","0.2","27.3"
"Davis Allen","LAR","TE57","0.0","0.0","0.0","16.9","157.3","1.9","0.0","26.9"
"Ty Chandler","NO","RB84","54.0","144.0","1.0","12.0","57.0","0.0","0.0","26.1"
"Jordan Whittington","LAR","WR131","2.3","12.1","0.1","15.0","171.9","1.2","0.2","26.1"
"Bryce Lance","NO","WR132","0.0","0.0","0.0","16.4","204.3","0.9","0.2","25.7"
"John Bates","WAS","TE58","0.0","0.0","0.0","18.4","173.7","1.6","0.6","25.5"
"Ben Sims","MIA","TE59","0.0","0.0","0.0","19.5","184.7","1.2","0.0","25.4"
"Marlin Klein","HOU","TE60","0.0","0.0","0.0","19.5","193.7","1.1","0.5","25.0"
"Jake Tonges","SF","TE61","0.0","0.0","0.0","16.8","167.8","1.4","0.0","24.9"
"Jonah Coleman","DEN","RB85","28.3","117.9","0.9","8.1","58.5","0.3","0.1","24.6"
"Elijah Mitchell","PHI","RB86","35.0","159.0","1.0","2.0","22.0","0.0","0.0","24.1"
"Jam Miller","NE","RB87","34.0","156.0","1.0","2.0","25.0","0.0","0.0","24.1"
"LeQuint Allen Jr.","JAC","RB88","8.0","33.9","0.2","21.7","148.0","0.8","0.1","24.1"
"Phil Mafah","DAL","RB89","32.0","142.0","1.0","4.0","34.0","0.0","0.0","23.6"
"Elijah Higgins","ARI","TE62","0.0","0.0","0.0","21.9","196.2","0.8","0.6","23.5"
"Devontez Walker","BAL","WR133","0.0","0.0","0.0","11.6","166.4","1.2","0.1","23.4"
"Odell Beckham Jr.","NYG","WR134","0.5","2.7","0.0","14.3","175.9","1.0","0.1","23.4"
"Devin Singletary","NYG","RB90","35.6","142.6","1.0","4.2","26.3","0.1","0.1","23.0"
"Mitchell Evans","CAR","TE63","0.0","0.0","0.0","15.0","138.1","1.5","0.1","22.5"
"Zavion Thomas","CHI","WR135","0.0","0.0","0.0","12.5","153.5","1.2","0.1","22.4"
"Salvon Ahmed","CHI","RB91","35.0","152.0","1.0","1.0","12.0","0.0","0.0","22.4"
"Nick Vannett","SEA","TE64","0.0","0.0","0.0","11.0","103.0","2.0","0.0","22.3"
"Jarquez Hunter","LAR","RB92","32.0","148.0","1.0","1.0","14.0","0.0","0.0","22.2"
"Nate Boerkircher","JAC","TE65","0.0","0.0","0.0","14.9","155.3","1.3","0.5","22.2"
"Dameon Pierce","PHI","RB93","35.0","161.0","1.0","0.0","0.0","0.0","0.0","22.1"
"Israel Abanikanda","DAL","RB94","32.0","147.0","1.0","1.0","14.0","0.0","0.0","22.1"
"Jeremy Ruckert","NYJ","TE66","0.0","0.0","0.0","19.7","145.8","1.3","0.0","22.1"
"Brashard Smith","KC","RB95","25.0","89.0","0.5","10.5","71.0","0.5","0.0","22.0"
"Trevor Etienne","CAR","RB96","24.8","105.6","0.6","8.2","59.2","0.3","0.1","21.5"
"Donovan Edwards","MIA","RB97","31.0","130.0","1.0","2.0","19.0","0.0","0.0","20.9"
"Carlos Washington Jr.","MIA","RB98","31.0","130.0","1.0","2.0","19.0","0.0","0.0","20.9"
"Malachi Fields","NYG","WR136","0.0","0.0","0.0","13.2","157.6","0.9","0.1","20.9"
"Audric Estime","NO","RB99","30.0","122.0","1.0","3.0","24.0","0.0","0.0","20.6"
"Demond Claiborne","MIN","RB100","27.7","121.5","0.9","3.3","25.2","0.1","0.1","20.4"
"Jeremy McNichols","WAS","RB101","17.0","88.0","1.0","7.0","54.0","0.0","0.0","20.2"
"Dont'e Thornton Jr.","LV","WR137","0.0","0.0","0.0","12.1","167.7","0.6","0.1","20.2"
"Jackson Hawes","BUF","TE67","0.0","0.0","0.0","10.6","115.1","1.4","0.0","20.1"
"Seth McGowan","IND","RB102","22.3","97.1","1.2","3.2","26.9","0.1","0.0","20.0"
"Ben Sinnott","WAS","TE68","0.0","0.0","0.0","11.8","116.3","1.4","0.0","19.9"
"Nate Adkins","DEN","TE69","0.0","0.0","0.0","11.9","88.3","1.8","0.0","19.8"
"Konata Mumpfield","LAR","WR138","0.0","0.0","0.0","9.9","126.6","1.2","0.1","19.4"
"Drew Sample","CIN","TE70","0.0","0.0","0.0","15.1","123.1","1.1","0.1","18.6"
"Will Mallory","IND","TE71","0.0","0.0","0.0","11.0","125.0","1.0","0.0","18.5"
"Kaytron Allen","WAS","RB103","23.6","110.8","0.7","3.1","25.5","0.1","0.0","18.4"
"Tahj Brooks","CIN","RB104","30.5","129.3","0.9","0.0","0.0","0.0","0.1","18.3"
"Jack Endries","CIN","TE72","0.0","0.0","0.0","13.0","123.0","1.0","0.0","18.3"
"Foster Moreau","HOU","TE73","0.0","0.0","0.0","9.3","105.7","1.3","0.0","18.3"
"Cade Stover","HOU","TE74","0.0","0.0","0.0","15.2","128.2","0.9","0.1","17.9"
"Brenen Thompson","LAC","WR139","2.1","11.3","0.1","9.5","120.9","0.7","0.1","17.8"
"Luke Schoonmaker","DAL","TE75","0.0","0.0","0.0","13.2","121.7","0.9","0.0","17.8"
"Grant Calcaterra","PHI","TE76","0.0","0.0","0.0","11.0","115.0","1.0","0.0","17.5"
"Mack Hollins","NE","WR140","0.0","0.0","0.0","10.8","126.7","0.8","0.1","17.2"
"Bauer Sharp","TB","TE77","0.0","0.0","0.0","11.0","112.0","1.0","0.0","17.2"
"KeAndre Lambert-Smith","LAC","WR141","0.0","0.0","0.0","9.6","120.8","0.9","0.1","17.0"
"Zaire Mitchell-Paden","NO","TE78","0.0","0.0","0.0","11.0","107.0","1.0","0.0","16.7"
"Devin Neal","NO","RB105","22.5","89.5","1.0","2.5","17.5","0.0","0.0","16.7"
"Justin Joly","DEN","TE79","0.0","0.0","0.0","12.0","105.0","1.0","0.0","16.5"
"Dallen Bentley","DEN","TE80","0.0","0.0","0.0","12.0","105.0","1.0","0.0","16.5"
"Hunter Luepke","DAL","RB106","13.3","56.1","0.4","8.6","61.7","0.4","0.1","16.4"
"Charlie Woerner","ATL","TE81","0.0","0.0","0.0","14.5","127.4","0.6","0.0","16.2"
"Will Shipley","PHI","RB107","9.3","39.6","0.3","11.3","83.4","0.4","0.1","16.2"
"Tanner Hudson","CIN","TE82","0.0","0.0","0.0","13.1","110.2","0.9","0.1","16.1"
"Mo Alie-Cox","IND","TE83","0.0","0.0","0.0","10.9","110.7","0.9","0.1","16.1"
"Thomas Fidone II","NYG","TE84","0.0","0.0","0.0","10.0","101.0","1.0","0.0","16.1"
"Cam Grandy","CIN","TE85","0.0","0.0","0.0","13.0","100.0","1.0","0.0","16.0"
"Jaheim Bell","PIT","TE86","0.0","0.0","0.0","10.0","98.0","1.0","0.0","15.8"
"Kyle Williams","NE","WR142","4.1","22.3","0.2","6.4","91.5","0.6","0.1","15.6"
"Connor Heyward","LV","TE87","4.2","17.6","0.1","9.0","66.0","1.1","0.0","15.5"
"Drake Dabney","GB","TE88","0.0","0.0","0.0","9.0","94.0","1.0","0.0","15.4"
"Nicholas Singleton","TEN","RB108","20.3","83.4","0.6","4.3","29.9","0.2","0.1","15.4"
"Jerome Ford","WAS","RB109","17.5","97.0","0.5","4.0","23.5","0.0","0.0","15.1"
"Tez Johnson","TB","WR143","4.4","23.2","0.2","6.7","77.5","0.6","0.1","14.7"
"Seydou Traore","MIA","TE89","0.0","0.0","0.0","9.0","87.0","1.0","0.0","14.7"
"Devin Culp","TB","TE90","0.0","0.0","0.0","7.3","76.1","1.2","0.0","14.5"
"Durham Smythe","BAL","TE91","0.0","0.0","0.0","9.8","94.1","0.7","0.1","13.7"
"Isaiah Bond","CLE","WR144","4.3","23.5","0.1","5.6","73.7","0.4","0.1","12.9"
"Mitch Tinsley","CIN","WR145","0.0","0.0","0.0","6.6","84.0","0.8","0.1","12.9"
"Isaac Guerendo","SF","RB110","16.5","80.0","0.5","2.0","18.5","0.0","0.0","12.9"
"Xavier Smith","LAR","WR146","0.0","0.0","0.0","7.2","89.3","0.7","0.1","12.7"
"Max Klare","LAR","TE92","0.0","0.0","0.0","7.5","82.6","0.7","0.0","12.3"
"Michael Burton","CLE","RB111","6.6","13.8","0.6","5.1","33.2","0.6","0.0","11.4"
"Brevyn Spann-Ford","DAL","TE93","0.0","0.0","0.0","7.4","71.4","0.7","0.0","11.1"
"Tyler Badie","DEN","RB112","4.1","17.6","0.1","8.0","65.5","0.4","0.1","11.1"
"Sam Roush","CHI","TE94","0.0","0.0","0.0","6.8","70.9","0.6","0.0","10.9"
"Cyrus Allen","KC","WR147","0.0","0.0","0.0","6.4","79.7","0.5","0.1","10.8"
"Payne Durham","TB","TE95","0.0","0.0","0.0","7.2","70.5","0.6","0.1","10.7"
"Josh Cuevas","BAL","TE96","0.0","0.0","0.0","5.7","66.4","0.6","0.0","10.5"
"Hunter Long","JAC","TE97","0.0","0.0","0.0","5.0","44.5","1.0","0.0","10.5"
"Andrew Beck","NYJ","TE98","0.5","4.0","0.0","4.6","31.6","1.1","0.0","10.2"
"Greg Dortch","DET","WR148","4.6","24.0","0.4","4.1","39.8","0.3","0.1","10.0"
"Lucas Krull","DEN","TE99","0.0","0.0","0.0","8.0","62.2","0.6","0.0","10.0"
"Joe Royer","CLE","TE100","0.0","0.0","0.0","6.9","64.3","0.6","0.0","9.9"
"Tip Reiman","ARI","TE101","0.0","0.0","0.0","7.9","62.3","0.6","0.0","9.8"
"Ian Thomas","LV","TE102","0.0","0.0","0.0","6.9","62.0","0.6","0.0","9.6"
"Malik Benson","LV","WR149","0.0","0.0","0.0","6.4","79.4","0.3","0.1","9.4"
"Anthony Gould","IND","WR150","0.0","0.0","0.0","7.0","74.3","0.3","0.1","9.3"
"Bo Melton","GB","WR151","4.5","26.0","0.1","2.9","37.6","0.3","0.1","8.6"
"Alec Ingold","LAC","RB113","2.1","8.6","0.1","7.9","58.2","0.2","0.1","8.4"
"Blake Whiteheart","CLE","TE103","0.0","0.0","0.0","7.1","62.9","0.3","0.1","8.2"
"Mason Tipton","NO","WR152","4.3","23.6","0.2","3.3","37.5","0.2","0.1","7.8"
"Tyrell Shavers","BUF","WR153","0.0","0.0","0.0","4.0","52.2","0.3","0.0","6.9"
"Derius Davis","LAC","WR154","2.1","11.0","0.1","3.5","37.8","0.3","0.1","6.7"
"Adam Prentice","DEN","RB114","4.1","17.4","0.1","4.1","29.8","0.2","0.0","6.3"
"Ben Skowronek","PIT","WR155","0.0","0.0","0.0","5.4","51.0","0.2","0.0","6.3"
"David Moore","CAR","WR156","2.1","11.4","0.1","3.1","36.7","0.2","0.1","6.3"
"Isaiah Williams","NYJ","WR157","2.2","12.7","0.1","3.8","35.8","0.1","0.1","6.2"
"Colbie Young","CIN","WR158","0.0","0.0","0.0","3.5","43.2","0.3","0.0","6.2"
"Luke Farrell","SF","TE104","0.0","0.0","0.0","4.3","41.2","0.3","0.0","5.9"
"Malachi Corley","CLE","WR159","6.4","43.8","0.2","0.0","0.0","0.0","0.1","5.5"
"Jonathan Mingo","DAL","WR160","0.0","0.0","0.0","2.9","40.7","0.3","0.0","5.5"
"Justin Watson","HOU","WR161","0.0","0.0","0.0","3.1","41.6","0.2","0.0","5.5"
"CJ Dippre","NE","TE105","0.0","0.0","0.0","3.9","37.3","0.3","0.0","5.3"
"Tanner Koziol","JAC","TE106","0.0","0.0","0.0","3.9","36.6","0.3","0.0","5.3"
"Tyler Conklin","DET","TE107","0.0","0.0","0.0","3.7","38.0","0.3","0.0","5.2"
"Darius Cooper","PHI","WR162","0.0","0.0","0.0","3.3","37.7","0.3","0.0","5.2"
"Eric Saubert","SEA","TE108","0.0","0.0","0.0","3.4","34.4","0.3","0.0","5.2"
"Max Bredeson","MIN","RB115","2.0","8.5","0.1","4.5","29.4","0.2","0.0","5.1"
"Tai Felton","MIN","WR163","0.0","0.0","0.0","3.7","37.0","0.2","0.0","5.1"
"Oscar Delp","NO","TE109","0.0","0.0","0.0","3.9","36.5","0.2","0.0","5.0"
"Drew Ogletree","IND","TE110","0.0","0.0","0.0","3.7","35.3","0.3","0.0","5.0"
"Kaleb Johnson","PIT","RB116","8.6","35.8","0.2","0.0","0.0","0.0","0.0","4.8"
"Johnny Mundt","PHI","TE111","0.0","0.0","0.0","3.5","35.4","0.2","0.0","4.8"
"Reggie Virgil","ARI","WR164","0.0","0.0","0.0","3.4","39.3","0.1","0.0","4.7"
"Kaden Wetjen","PIT","WR165","2.1","11.6","0.1","1.6","18.8","0.1","0.0","4.0"
"Reggie Gilliam","NE","RB117","0.0","0.0","0.0","4.1","29.8","0.2","0.0","3.8"
"Riley Nowakowski","PIT","TE112","0.0","0.0","0.0","4.3","29.0","0.2","0.0","3.8"
"Patrick Ricard","NYG","RB118","0.0","0.0","0.0","4.0","26.9","0.1","0.0","3.5"
"Arian Smith","NYJ","WR166","4.3","23.7","0.2","0.0","0.0","0.0","0.0","3.4"
"Jimmy Horn Jr.","CAR","WR167","4.1","24.7","0.1","0.0","0.0","0.0","0.0","3.0"
"British Brooks","HOU","RB119","4.2","18.0","0.1","0.0","0.0","0.0","0.0","2.4"
"Chris Manhertz","NYG","TE113","0.0","0.0","0.0","1.8","16.3","0.1","0.0","2.3"
"Kameron Johnson","TB","WR168","2.2","12.1","0.1","0.0","0.0","0.0","0.0","1.8"
"JuJu Smith-Schuster","NYG","WR169","0.0","0.0","0.0","1.4","12.4","0.1","0.0","1.6"
"Braxton Berrios","NYG","WR170","0.0","0.0","0.0","0.0","0.0","0.0","0.0","0.0"
"Devin Duvernay","ARI","WR171","0.0","0.0","0.0","0.0","0.0","0.0","0.0","0.0"
"Mason Kinsey","TEN","WR172","0.0","0.0","0.0","0.0","0.0","0.0","0.0","0.0"
"Michael Bandy","DEN","WR173","0.0","0.0","0.0","0.0","0.0","0.0","0.0","0.0"
"Skyy Moore","GB","WR174","0.0","0.0","0.0","0.0","0.0","0.0","0.0","0.0"
"Britain Covey","PHI","WR175","0.0","0.0","0.0","0.0","0.0","0.0","0.0","0.0"
"Dareke Young","LV","WR176","0.0","0.0","0.0","0.0","0.0","0.0","0.0","0.0"
"Jacob Cowing","SF","WR177","0.0","0.0","0.0","0.0","0.0","0.0","0.0","0.0"
"Charlie Jones","CIN","WR178","0.0","0.0","0.0","0.0","0.0","0.0","0.0","0.0"
"Barion Brown","NO","WR179","0.0","0.0","0.0","0.0","0.0","0.0","0.0","0.0"
"Jalen Brooks","ARI","WR180","0.0","0.0","0.0","0.0","0.0","0.0","0.0","0.0"
"Brycen Tremayne","CAR","WR181","0.0","0.0","0.0","0.0","0.0","0.0","0.0","0.0"
"Nikko Remigio","KC","WR182","0.0","0.0","0.0","0.0","0.0","0.0","0.0","0.0"
"Jeshaun Jones","MIN","WR183","0.0","0.0","0.0","0.0","0.0","0.0","0.0","0.0"
"Efton Chism III","NE","WR184","0.0","0.0","0.0","0.0","0.0","0.0","0.0","0.0"
"LaJohntay Wester","BAL","WR185","0.0","0.0","0.0","0.0","0.0","0.0","0.0","0.0"
"Ke'Shawn Williams","CIN","WR186","0.0","0.0","0.0","0.0","0.0","0.0","0.0","0.0"
"Myles Price","MIN","WR187","0.0","0.0","0.0","0.0","0.0","0.0","0.0","0.0"
"Gage Larvadain","CLE","WR188","0.0","0.0","0.0","0.0","0.0","0.0","0.0","0.0"
"Josh Cameron","JAC","WR189","0.0","0.0","0.0","0.0","0.0","0.0","0.0","0.0"
"Quintin Morris","JAC","TE114","0.0","0.0","0.0","0.0","0.0","0.0","0.0","0.0"
"Jack Stoll","CLE","TE115","0.0","0.0","0.0","0.0","0.0","0.0","0.0","0.0"
"Cole Turner","MIA","TE116","0.0","0.0","0.0","0.0","0.0","0.0","0.0","0.0"
"Jelani Woods","NYJ","TE117","0.0","0.0","0.0","0.0","0.0","0.0","0.0","0.0"
"Julian Hill","NE","TE118","0.0","0.0","0.0","0.0","0.0","0.0","0.0","0.0"
"DeeJay Dallas","JAC","RB120","0.0","0.0","0.0","0.0","0.0","0.0","0.0","0.0"
"Kene Nwangwu","NYJ","RB121","0.0","0.0","0.0","0.0","0.0","0.0","0.0","0.0"
"Bam Knight","ARI","RB122","0.0","0.0","0.0","0.0","0.0","0.0","0.0","0.0"
"Trey Benson","ARI","RB123","0.0","0.0","0.0","0.0","0.0","0.0","0.0","0.0"
"Jacob Saylors","DET","RB124","0.0","0.0","0.0","0.0","0.0","0.0","0.0","0.0"
"Zavier Scott","MIN","RB125","0.0","0.0","0.0","0.0","0.0","0.0","0.0","0.0"
"Rasheen Ali","BAL","RB126","0.0","0.0","0.0","0.0","0.0","0.0","0.0","0.0"
"Dylan Laube","LV","RB127","0.0","0.0","0.0","0.0","0.0","0.0","0.0","0.0"
"Chris Collier","LV","RB128","0.0","0.0","0.0","0.0","0.0","0.0","0.0","0.0"
"Josh Williams","TB","RB129","0.0","0.0","0.0","0.0","0.0","0.0","0.0","0.0"
""
""