"Player","Team","ATT","YDS","TDS","REC","YDS","TDS","FL","FPTS"
" ","","",""
"Saquon Barkley","PHI","20.4","105.7","0.8","2.4","18.5","0.1","0.1","17.8"
"Bijan Robinson","ATL","18.4","83.2","0.7","3.5","26.3","0.1","0.1","15.7"
"Derrick Henry","BAL","17.6","91.3","0.8","1.3","10.2","0.1","0.1","15.1"
"Jonathan Taylor","IND","19.0","89.4","0.8","1.8","12.4","0.1","0.1","15.0"
"Jahmyr Gibbs","DET","14.4","73.6","0.6","3.3","27.9","0.1","0.1","14.7"
"Christian McCaffrey","SF","14.7","69.4","0.5","3.9","33.7","0.2","0.1","14.3"
"De'Von Achane","MIA","13.6","64.9","0.5","4.2","31.3","0.2","0.1","13.7"
"Kyren Williams","LAR","18.5","77.4","0.7","2.0","12.7","0.1","0.1","13.7"
"Bucky Irving","TB","15.5","77.0","0.5","2.9","21.5","0.1","0.1","13.6"
"Josh Jacobs","GB","17.3","72.2","0.7","2.4","19.8","0.1","0.1","13.6"
"Ashton Jeanty","LV","16.0","72.1","0.5","2.6","22.2","0.1","0.1","13.1"
"Chase Brown","CIN","15.8","69.7","0.5","3.3","23.9","0.1","0.1","13.0"
"Chuba Hubbard","CAR","16.7","73.0","0.6","2.4","14.3","0.1","0.1","12.4"
"James Conner","ARI","14.5","68.0","0.5","2.4","19.7","0.1","0.1","12.2"
"Alvin Kamara","NO","13.8","58.6","0.3","4.1","30.6","0.1","0.1","11.7"
"Kenneth Walker III","KC","15.0","60.2","0.5","2.7","18.6","0.1","0.1","11.6"
"James Cook III","BUF","13.8","60.5","0.5","2.2","17.3","0.1","0.1","11.4"
"Omarion Hampton","LAC","14.1","61.1","0.5","2.1","17.4","0.1","0.1","11.1"
"TreVeyon Henderson","NE","13.8","63.4","0.4","2.2","18.9","0.1","0.1","11.1"
"Tony Pollard","TEN","16.7","67.2","0.4","2.8","18.0","0.1","0.1","10.9"
"Aaron Jones Sr.","MIN","12.7","58.2","0.3","2.8","20.8","0.1","0.1","10.4"
"Tyrone Tracy Jr.","NYG","13.2","59.8","0.3","2.1","17.0","0.1","0.1","10.2"
"Jerome Ford","WAS","12.3","55.9","0.3","2.7","20.0","0.1","0.1","10.1"
"Breece Hall","NYJ","13.4","55.3","0.3","2.8","22.9","0.1","0.1","10.1"
"Jaylen Warren","PIT","12.7","56.5","0.3","3.3","22.9","0.1","0.1","9.9"
"D'Andre Swift","CHI","14.0","56.3","0.4","2.3","16.4","0.1","0.1","9.8"
"Isiah Pacheco","DET","13.5","58.2","0.3","2.2","15.5","0.1","0.1","9.7"
"David Montgomery","HOU","11.6","48.1","0.5","1.7","14.0","0.0","0.1","9.1"
"RJ Harvey","DEN","11.1","49.1","0.4","2.1","16.2","0.1","0.1","9.0"
"Jacory Croskey-Merritt","WAS","11.9","52.5","0.4","1.3","11.3","0.1","0.1","8.9"
"Travis Etienne Jr.","NO","11.4","48.1","0.3","2.3","19.1","0.1","0.0","8.8"
"J.K. Dobbins","DEN","10.6","48.5","0.4","1.9","12.4","0.1","0.1","8.5"
"Javonte Williams","DAL","12.2","47.7","0.3","2.4","13.8","0.1","0.1","8.1"
"Tank Bigsby","PHI","10.3","47.0","0.4","0.7","5.7","0.0","0.1","7.6"
"Zach Charbonnet","SEA","8.3","36.7","0.3","2.2","15.9","0.1","0.0","7.5"
"Rhamondre Stevenson","NE","10.3","41.6","0.3","1.5","9.9","0.1","0.1","7.4"
"Dylan Sampson","CLE","8.7","41.0","0.3","1.5","12.5","0.1","0.1","7.3"
"Jordan Mason","MIN","9.5","46.1","0.3","1.0","7.4","0.0","0.1","7.0"
"Ollie Gordon II","MIA","8.5","36.1","0.2","1.3","9.4","0.1","0.1","6.3"
"Rachaad White","WAS","6.9","25.9","0.2","2.4","16.8","0.1","0.1","6.0"
"Trey Benson","ARI","8.1","37.0","0.2","1.0","7.5","0.0","0.0","5.7"
"Kaleb Johnson","PIT","7.7","33.5","0.2","0.8","7.2","0.0","0.1","5.6"
"Braelon Allen","NYJ","7.6","29.4","0.1","1.0","8.0","0.0","0.0","4.8"
"Justice Hill","BAL","4.6","18.7","0.1","2.1","15.8","0.1","0.0","4.7"
"Tyler Allgeier","ARI","6.8","29.6","0.2","0.8","5.8","0.0","0.0","4.7"
"Bhayshul Tuten","JAC","5.7","24.9","0.2","1.0","8.7","0.1","0.1","4.6"
"Rico Dowdle","PIT","5.7","25.8","0.1","1.5","9.9","0.1","0.0","4.5"
"Cam Skattebo","NYG","5.7","25.0","0.2","1.0","8.6","0.0","0.1","4.4"
"Woody Marks","HOU","4.9","20.3","0.1","1.5","12.1","0.1","0.0","4.4"
"Ray Davis","BUF","6.8","23.9","0.2","0.7","5.7","0.1","0.0","4.3"
"Kendre Miller","NO","6.3","25.0","0.2","0.7","5.6","0.0","0.0","4.2"
"Dameon Pierce","PHI","6.8","27.8","0.1","0.7","5.6","0.0","0.0","4.1"
"Najee Harris","LAC","5.7","22.6","0.2","0.9","6.6","0.0","0.0","4.1"
"Blake Corum","LAR","6.3","22.3","0.1","0.8","6.1","0.0","0.0","3.8"
"Brian Robinson Jr.","ATL","6.4","24.5","0.2","0.4","3.3","0.0","0.1","3.8"
"Kyle Monangai","CHI","5.8","20.8","0.2","0.6","5.4","0.0","0.0","3.7"
"Roschon Johnson","CHI","4.3","13.5","0.2","1.1","7.5","0.1","0.0","3.7"
"Emanuel Wilson","SEA","4.2","19.2","0.1","0.6","4.7","0.0","0.0","3.4"
"Devin Singletary","NYG","4.0","19.8","0.1","0.8","4.9","0.0","0.0","3.3"
"Kenny Gainwell","TB","4.7","17.9","0.1","0.9","6.4","0.0","0.0","3.2"
"Samaje Perine","CIN","3.1","13.4","0.1","1.1","10.6","0.0","0.1","3.0"
"DJ Giddens","IND","3.5","15.6","0.1","0.6","4.9","0.0","0.0","3.0"
"Julius Chestnut","TEN","4.3","15.8","0.1","1.0","7.3","0.0","0.0","2.9"
"Ty Johnson","BUF","2.7","11.1","0.1","0.9","9.6","0.1","0.0","2.9"
"Jeremy McNichols","WAS","3.5","16.0","0.2","0.4","2.3","0.0","0.1","2.8"
"Tahj Brooks","CIN","3.5","13.1","0.1","0.6","5.7","0.0","0.0","2.7"
"Zamir White","LV","4.2","15.9","0.1","0.7","4.9","0.0","0.0","2.7"
"Trevor Etienne","CAR","2.8","11.1","0.1","0.6","5.4","0.0","0.0","2.4"
"Devin Neal","NO","3.1","13.1","0.1","0.4","3.1","0.0","0.0","2.3"
"Will Shipley","PHI","2.5","12.8","0.1","0.5","4.3","0.0","0.0","2.2"
"Sean Tucker","TB","2.7","13.4","0.1","0.3","2.7","0.0","0.0","2.2"
"Isaac Guerendo","SF","3.2","11.9","0.1","0.4","3.4","0.0","0.0","2.1"
"Chris Brooks","GB","2.4","12.2","0.1","0.5","3.3","0.0","0.0","2.0"
"Tyler Badie","DEN","2.3","10.5","0.0","0.6","4.1","0.0","0.0","1.9"
"Brashard Smith","KC","2.5","10.5","0.1","0.4","2.9","0.0","0.0","1.9"
"Raheem Mostert","LV","2.0","8.0","0.0","1.0","7.0","0.1","0.0","1.8"
"Quinshon Judkins","CLE","1.5","6.4","0.1","0.8","6.3","0.0","0.0","1.7"
"Hassan Haskins","LAC","2.0","6.5","0.1","0.6","4.4","0.0","0.1","1.7"
"Emari Demercado","KC","1.5","9.3","0.1","0.5","3.7","0.0","0.0","1.7"
"AJ Dillon","CAR","2.3","8.3","0.1","0.2","1.5","0.0","0.0","1.4"
"Kyle Juszczyk","SF","0.3","1.4","0.0","1.0","8.8","0.1","0.1","1.3"
"Dylan Laube","LV","1.6","6.0","0.0","0.4","3.1","0.0","0.0","1.2"
"Isaiah Davis","NYJ","1.7","7.0","0.1","0.2","1.5","0.0","0.0","1.2"
"Kimani Vidal","LAC","1.6","5.7","0.0","0.3","2.9","0.1","0.0","1.2"
"LeQuint Allen Jr.","JAC","1.0","4.9","0.1","0.2","1.7","0.0","0.0","1.0"
"Ty Chandler","NO","1.4","6.4","0.0","0.2","1.6","0.0","0.0","1.0"
"Kalel Mullings","TEN","0.9","4.6","0.1","0.1","1.3","0.0","0.0","0.9"
"Alec Ingold","LAC","0.6","1.6","0.1","0.5","3.8","0.0","0.0","0.9"
"Raheim Sanders","CLE","1.7","4.5","0.1","0.1","1.1","0.0","0.0","0.9"
"George Holani","SEA","0.0","5.5","0.0","0.1","1.1","0.0","0.0","0.6"
"Hunter Luepke","DAL","0.6","2.0","0.0","0.3","2.8","0.0","0.0","0.5"
"Kenny McIntosh","SEA","0.5","2.1","0.0","0.2","1.8","0.0","0.0","0.5"
"Andrew Beck","NYJ","0.1","0.1","0.1","0.2","0.6","0.0","0.0","0.4"
"Rasheen Ali","BAL","0.3","1.2","0.0","0.1","0.8","0.0","0.0","0.3"
"Robbie Ouzts","SEA","0.0","0.0","0.0","0.1","0.9","0.0","0.0","0.2"
"Scott Matlock","LAC","0.0","0.0","0.0","0.1","0.9","0.0","0.0","0.1"
"Reggie Gilliam","NE","0.2","0.4","0.0","0.0","0.1","0.0","0.0","0.1"
"Adam Prentice","DEN","0.1","0.3","0.0","0.0","0.1","0.0","0.0","0.0"
"Eric Gray","NYG","0.0","0.0","0.0","0.0","0.0","0.0","0.0","0.0"
"Ameer Abdullah","JAC","0.0","0.0","0.0","0.0","0.0","0.0","0.0","0.0"
"Michael Burton","CLE","0.0","0.0","0.0","0.0","0.0","0.0","0.0","0.0"
"Patrick Ricard","NYG","0.0","0.0","0.0","0.0","0.0","0.0","0.0","0.0"
"Chase Edmonds","WAS","0.0","0.0","0.0","0.0","0.0","0.0","0.0","0.0"
"Travis Homer","PIT","0.0","0.0","0.0","0.0","0.0","0.0","0.0","0.0"
"Salvon Ahmed","CHI","0.0","0.0","0.0","0.0","0.0","0.0","0.0","0.0"
"DeeJay Dallas","JAC","0.0","0.0","0.0","0.0","0.0","0.0","0.0","0.0"
"Patrick Taylor Jr.","SF","0.0","0.0","0.0","0.0","0.0","0.0","0.0","0.0"
"Jaret Patterson","LAC","0.0","0.0","0.0","0.0","0.0","0.0","0.0","0.0"
"Michael Carter","TEN","0.0","0.0","0.0","0.0","0.0","0.0","0.0","0.0"
"Elijah Mitchell","PHI","0.0","0.0","0.0","0.0","0.0","0.0","0.0","0.0"
"Phil Mafah","DAL","0.0","0.0","0.0","0.0","0.0","0.0","0.0","0.0"
"Kendall Milton","CIN","0.0","0.0","0.0","0.0","0.0","0.0","0.0","0.0"
"Tyler Goodson","ATL","0.0","0.0","0.0","0.0","0.0","0.0","0.0","0.0"
"Audric Estime","NO","0.0","0.0","0.0","0.0","0.0","0.0","0.0","0.0"
"MarShawn Lloyd","GB","0.0","0.0","0.0","0.0","0.0","0.0","0.0","0.0"
"Sincere McCormick","SF","0.0","0.0","0.0","0.0","0.0","0.0","0.0","0.0"
"Kene Nwangwu","NYJ","0.0","0.0","0.0","0.0","0.0","0.0","0.0","0.0"
"Gary Brightwell","CIN","0.0","0.0","0.0","0.0","0.0","0.0","0.0","0.0"
"Ronnie Rivers","LAR","0.0","0.0","0.0","0.0","0.0","0.0","0.0","0.0"
"Pierre Strong Jr.","GB","0.0","0.0","0.0","0.0","0.0","0.0","0.0","0.0"
"Malik Davis","DAL","0.0","0.0","0.0","0.0","0.0","0.0","0.0","0.0"
"Velus Jones Jr.","SEA","0.0","0.0","0.0","0.0","0.0","0.0","0.0","0.0"
"Jarquez Hunter","LAR","0.0","0.0","0.0","0.0","0.0","0.0","0.0","0.0"
"Jaydon Blue","DAL","0.0","0.0","0.0","0.0","0.0","0.0","0.0","0.0"
"Israel Abanikanda","DAL","0.0","0.0","0.0","0.0","0.0","0.0","0.0","0.0"
"Brittain Brown","CHI","0.0","0.0","0.0","0.0","0.0","0.0","0.0","0.0"
"Bam Knight","ARI","0.0","0.0","0.0","0.0","0.0","0.0","0.0","0.0"
"Tyjae Spears","TEN","0.0","0.0","0.0","0.0","0.0","0.0","0.0","0.0"
"Evan Hull","HOU","0.0","0.0","0.0","0.0","0.0","0.0","0.0","0.0"
"Keaton Mitchell","LAC","0.0","0.0","0.0","0.0","0.0","0.0","0.0","0.0"
"Lew Nichols III","PIT","0.0","0.0","0.0","0.0","0.0","0.0","0.0","0.0"
"Carlos Washington Jr.","MIA","0.0","0.0","0.0","0.0","0.0","0.0","0.0","0.0"
"Jacob Saylors","DET","0.0","0.0","0.0","0.0","0.0","0.0","0.0","0.0"
"Ben VanSumeren","BUF","0.0","0.0","0.0","0.0","0.0","0.0","0.0","0.0"
"Brady Russell","SEA","0.0","0.0","0.0","0.0","0.0","0.0","0.0","0.0"
"Jaleel McLaughlin","DEN","0.0","0.0","0.0","0.0","0.0","0.0","0.0","0.0"
"Damien Martinez","GB","0.0","0.0","0.0","0.0","0.0","0.0","0.0","0.0"
"Frank Gore Jr.","BUF","0.0","0.0","0.0","0.0","0.0","0.0","0.0","0.0"
"Jaylen Wright","MIA","0.0","0.0","0.0","0.0","0.0","0.0","0.0","0.0"
"Jonathon Brooks","CAR","0.0","0.0","0.0","0.0","0.0","0.0","0.0","0.0"
"Cody Schrader","DEN","0.0","0.0","0.0","0.0","0.0","0.0","0.0","0.0"
"Sione Vaki","DET","0.0","0.0","0.0","0.0","0.0","0.0","0.0","0.0"
"Jawhar Jordan","HOU","0.0","0.0","0.0","0.0","0.0","0.0","0.0","0.0"
"Carson Steele","PHI","0.0","0.0","0.0","0.0","0.0","0.0","0.0","0.0"
"Dante Miller","NYG","0.0","0.0","0.0","0.0","0.0","0.0","0.0","0.0"
"Chris Collier","LV","0.0","0.0","0.0","0.0","0.0","0.0","0.0","0.0"
"British Brooks","HOU","0.0","0.0","0.0","0.0","0.0","0.0","0.0","0.0"
"Terrell Jennings","NE","0.0","0.0","0.0","0.0","0.0","0.0","0.0","0.0"
"Jordan James","SF","0.0","0.0","0.0","0.0","0.0","0.0","0.0","0.0"
"Josh Williams","TB","0.0","0.0","0.0","0.0","0.0","0.0","0.0","0.0"
"Nathan Carter","ATL","0.0","0.0","0.0","0.0","0.0","0.0","0.0","0.0"
""
""