rank,playerId,name,pos,pos_rank,team,league_pts,vorp,draft_value,adp,sd_pts,fp_pts,ecr,ecr_tier,sos,fp_adp,fp_best,fp_worst,fp_std,fp_up,fp_bust,wk25
1,23189,Bijan Robinson,RB,1,ATL,157.25,62.69,62.7,0.5,,,2.0,1.0,2.0,2.0,1.0,2.0,0.6,5.0,1.0,17.0
2,23200,Jahmyr Gibbs,RB,2,DET,155.44,60.88,60.9,0.2,,,1.0,1.0,5.0,1.0,1.0,2.0,0.6,5.0,1.0,17.0
3,24172,Puka Nacua,WR,1,LAR,156.26,60.77,60.8,1.0,,,4.0,1.0,1.0,4.0,3.0,4.0,0.6,5.0,2.0,17.0
4,22564,Ja'Marr Chase,WR,2,CIN,149.14,53.65,53.6,0.7,,,3.0,1.0,4.0,3.0,3.0,4.0,0.6,5.0,1.0,17.0
5,23157,Jaxon Smith-Njigba,WR,3,SEA,145.13,49.64,49.6,1.5,,,5.0,2.0,3.0,6.0,5.0,7.0,1.0,5.0,2.0,17.0
6,18877,Christian McCaffrey,RB,3,SF,143.56,49.0,49.0,1.2,,,9.0,2.0,2.0,5.0,6.0,20.0,7.8,4.0,4.0,17.0
7,22587,Amon-Ra St. Brown,WR,4,DET,139.65,44.16,44.2,1.9,,,6.0,2.0,4.0,8.0,5.0,8.0,1.5,5.0,1.0,17.0
8,23251,Trey McBride,TE,1,ARI,118.55,40.78,40.8,12.3,,,23.0,4.0,2.0,21.0,26.0,33.0,3.8,4.0,2.0,17.0
9,21682,Jonathan Taylor,RB,4,IND,133.21,38.65,38.6,1.7,,,7.0,2.0,4.0,7.0,8.0,12.0,2.1,4.0,3.0,17.0
10,24943,Brock Bowers,TE,2,LV,112.27,34.5,34.5,10.4,,,18.0,3.0,3.0,21.7,10.0,20.0,5.0,5.0,2.0,17.0
11,24179,De'Von Achane,RB,5,MIA,127.99,33.43,33.4,2.9,,,25.0,4.0,3.0,13.7,17.0,18.0,0.6,4.0,4.0,17.0
12,21679,CeeDee Lamb,WR,5,DAL,122.33,26.84,26.8,2.4,,,8.0,2.0,2.0,11.7,10.0,16.0,3.2,4.0,2.0,17.0
13,21685,Justin Jefferson,WR,6,MIN,121.76,26.27,26.3,2.7,,,11.0,2.0,5.0,11.0,11.0,30.0,10.0,5.0,2.0,17.0
14,24374,Chase Brown,RB,6,CIN,119.69,25.13,25.1,3.2,,,20.0,4.0,2.0,14.7,9.0,14.0,2.5,5.0,2.0,17.0
15,23247,James Cook III,RB,7,BUF,118.09,23.53,23.5,2.2,,,10.0,2.0,2.0,9.3,5.0,12.0,3.6,4.0,2.0,17.0
16,23151,Drake London,WR,7,ATL,117.93,22.44,22.4,4.9,,,13.0,3.0,3.0,18.3,14.0,19.0,2.5,5.0,2.0,17.0
17,19801,Josh Allen,QB,1,BUF,166.69,18.62,18.6,11.8,,,22.0,4.0,3.0,20.7,29.0,42.0,6.5,5.0,2.0,17.0
18,19766,Saquon Barkley,RB,8,PHI,112.21,17.65,17.6,3.4,,,16.0,3.0,4.0,13.7,15.0,34.0,10.0,4.0,3.0,17.0
19,21042,A.J. Brown,WR,8,NE,112.74,17.25,17.2,4.6,,,14.0,3.0,2.0,22.0,9.0,20.0,6.1,5.0,2.0,17.0
20,25868,Ashton Jeanty,RB,9,LV,111.64,17.08,17.1,3.9,,,17.0,3.0,2.0,11.3,8.0,19.0,5.6,5.0,2.0,17.0
21,24120,Rashee Rice,WR,9,KC,112.17,16.68,16.7,13.8,,,27.0,4.0,2.0,30.0,21.0,57.0,18.7,4.0,4.0,17.0
22,23214,Kenneth Walker,RB,10,KC,110.37,15.81,15.8,4.4,,,24.0,4.0,3.0,17.3,13.0,14.0,0.6,4.0,3.0,17.0
23,22565,Chris Olave,WR,10,NO,111.3,15.81,15.8,12.8,,,26.0,4.0,3.0,28.7,22.0,31.0,4.5,4.0,4.0,17.0
24,23153,George Pickens,WR,11,DAL,111.03,15.54,15.5,10.8,,,19.0,3.0,2.0,24.3,21.0,25.0,2.1,4.0,4.0,17.0
25,25869,Colston Loveland,TE,3,CHI,93.26,15.49,15.5,24.2,,,39.0,5.0,2.0,42.7,26.0,35.0,4.6,5.0,2.0,11.0
26,21756,Nico Collins,WR,12,HOU,110.8,15.31,15.3,11.3,,,15.0,3.0,3.0,24.0,15.0,22.0,3.8,4.0,3.0,17.0
27,23120,Zay Flowers,WR,13,BAL,110.09,14.6,14.6,17.3,,,30.0,4.0,4.0,38.3,27.0,28.0,0.6,4.0,2.0,17.0
28,25956,Omarion Hampton,RB,11,LAC,108.32,13.76,13.8,3.6,,,21.0,4.0,3.0,15.3,13.0,17.0,2.1,5.0,3.0,17.0
29,26768,Jeremiyah Love,RB,12,ARI,108.22,13.66,13.7,14.3,,,41.0,5.0,2.0,26.7,23.0,40.0,9.5,5.0,2.0,
30,17959,Derrick Henry,RB,13,BAL,107.77,13.21,13.2,4.1,,,12.0,3.0,3.0,19.7,22.0,28.0,3.2,4.0,2.0,17.0
31,19781,Lamar Jackson,QB,2,BAL,160.13,12.06,12.1,26.1,,,28.0,4.0,3.0,37.7,43.0,54.0,5.7,4.0,4.0,17.0
32,22526,Breece Hall,RB,14,NYJ,106.61,12.05,12.1,16.8,,,40.0,5.0,3.0,33.0,23.0,39.0,9.0,4.0,4.0,17.0
33,21687,DeVonta Smith,WR,14,PHI,106.32,10.83,10.8,15.8,,,33.0,4.0,4.0,33.0,27.0,32.0,2.5,4.0,2.0,17.0
34,23122,Garrett Wilson,WR,15,NYJ,106.16,10.67,10.7,21.7,,,51.0,5.0,4.0,44.3,36.0,40.0,2.1,4.0,4.0,17.0
35,25874,Tyler Warren,TE,4,IND,87.63,9.86,9.9,34.0,,,64.0,6.0,3.0,51.7,41.0,47.0,3.2,4.0,2.0,17.0
36,24958,Drake Maye,QB,3,NE,157.75,9.68,9.7,38.0,,,36.0,5.0,2.0,52.0,41.0,53.0,6.2,5.0,2.0,17.0
37,24953,Malik Nabers,WR,16,NYG,104.01,8.52,8.5,13.3,,,29.0,4.0,4.0,32.0,25.0,38.0,6.7,4.0,4.0,4.0
38,25870,Harold Fannin Jr.,TE,5,CLE,85.65,7.88,7.9,52.8,,,85.0,7.0,3.0,68.3,67.0,110.0,21.9,4.0,3.0,16.0
39,21693,Joe Burrow,QB,4,CIN,155.35,7.28,7.3,39.4,,,43.0,5.0,3.0,51.7,53.0,66.0,6.6,4.0,3.0,10.0
40,26054,Tetairoa McMillan,WR,17,CAR,102.72,7.23,7.2,20.7,,,37.0,5.0,2.0,39.0,30.0,65.0,19.7,3.0,4.0,17.0
41,21696,Travis Etienne Jr.,RB,15,NO,101.81,7.25,7.2,18.7,,,50.0,5.0,3.0,40.7,39.0,66.0,14.0,4.0,3.0,17.0
42,22508,Kyle Pitts Sr.,TE,6,ATL,84.9,7.13,7.1,54.7,,,87.0,7.0,3.0,74.0,66.0,86.0,10.0,4.0,4.0,17.0
43,23235,Jayden Daniels,QB,5,WAS,154.33,6.26,6.3,48.3,,,48.0,5.0,2.0,59.3,63.0,72.0,4.7,4.0,4.0,17.0
44,22558,Javonte Williams,RB,16,DAL,99.42,4.86,4.9,15.3,,,38.0,5.0,4.0,31.0,18.0,43.0,13.1,4.0,3.0,17.0
45,25887,Cam Skattebo,RB,17,NYG,98.86,4.3,4.3,22.7,,,52.0,6.0,4.0,37.3,45.0,52.0,3.6,4.0,4.0,8.0
46,23212,Kyren Williams,RB,18,LAR,98.53,3.97,4.0,14.8,,,32.0,4.0,5.0,29.0,28.0,44.0,8.0,4.0,2.0,17.0
47,18055,Dak Prescott,QB,6,DAL,151.13,3.06,3.1,60.1,,,78.0,7.0,2.0,81.7,64.0,85.0,11.4,4.0,2.0,17.0
48,15048,Travis Kelce,TE,7,KC,80.72,2.95,3.0,73.0,,,108.0,8.0,4.0,97.3,89.0,112.0,11.8,2.0,3.0,17.0
49,19063,George Kittle,TE,8,SF,80.57,2.8,2.8,66.6,,,97.0,8.0,3.0,97.0,88.0,98.0,5.1,4.0,4.0,16.0
50,24927,Caleb Williams,QB,7,CHI,150.78,2.71,2.7,57.2,,,66.0,6.0,3.0,75.7,68.0,98.0,15.5,5.0,2.0,17.0
51,ESPN-3953687,Brandon Aubrey,K,1,DAL,170.53,26.19,2.6,70.0,,,186.0,10.0,2.0,118.7,166.0,183.0,8.9,5.0,1.0,
52,23141,Sam LaPorta,TE,9,DET,79.75,1.98,2.0,58.7,,,75.0,7.0,3.0,73.7,62.0,84.0,11.9,4.0,3.0,17.0
53,25097,Ladd McConkey,WR,19,LAC,97.28,1.79,1.8,23.7,,,42.0,5.0,2.0,44.3,35.0,58.0,12.5,4.0,3.0,17.0
54,26092,Emeka Egbuka,WR,18,TB,97.3,1.81,1.8,19.7,,,35.0,5.0,4.0,39.0,30.0,33.0,1.5,4.0,3.0,17.0
55,DST-SEA,Seahawks D/ST,DST,1,SEA,125.81,8.95,1.8,136.1,,,,,,,,,,,,
56,ESPN-4362081,Cameron Dicker,K,2,LAC,161.05,16.71,1.7,87.3,,,194.0,10.0,2.0,146.0,188.0,191.0,1.5,5.0,1.0,
57,ESPN-4574716,Harrison Mevis,K,3,LAR,158.13,13.79,1.4,103.5,,,236.0,11.0,2.0,193.0,205.0,238.0,16.9,,,
58,ESPN-2473037,Jason Myers,K,4,SEA,157.66,13.32,1.3,92.7,,,203.0,11.0,4.0,155.0,192.0,198.0,3.0,4.0,1.0,
59,DST-HOU,Texans D/ST,DST,2,HOU,123.31,6.45,1.3,136.0,,,,,,,,,,,,
60,ESPN-2971573,Ka'imi Fairbairn,K,5,HOU,157.13,12.79,1.3,88.2,,,197.0,10.0,2.0,146.0,,,,5.0,1.0,
61,DST-DEN,Broncos D/ST,DST,3,DEN,122.32,5.46,1.1,139.0,,,,,,,,,,,,
62,ESPN-4034949,Eddy Pineiro,K,6,SF,154.37,10.03,1.0,,,,210.0,11.0,5.0,209.3,195.0,211.0,8.0,4.0,2.0,
63,DST-NE,Patriots D/ST,DST,4,NE,120.36,3.5,0.7,188.6,,,,,,,,,,,,
64,DST-PHI,Eagles D/ST,DST,5,PHI,119.61,2.75,0.6,195.1,,,,,,,,,,,,
65,24967,Bucky Irving,RB,19,TB,95.07,0.51,0.5,31.1,,,54.0,6.0,2.0,45.7,46.0,59.0,6.6,2.0,4.0,17.0
66,DST-MIN,Vikings D/ST,DST,6,MIN,118.9,2.04,0.4,159.8,,,,,,,,,,,,
67,21690,Tee Higgins,WR,20,CIN,95.75,0.26,0.3,22.2,,,31.0,4.0,4.0,39.3,33.0,38.0,2.6,5.0,2.0,17.0
68,ESPN-3055899,Harrison Butker,K,7,KC,147.57,3.23,0.3,114.9,,,243.0,12.0,5.0,213.0,234.0,278.0,25.1,,,
69,ESPN-4686361,Cam Little,K,8,JAX,146.11,1.77,0.2,95.6,,,198.0,10.0,4.0,162.3,184.0,196.0,6.2,,,
70,DST-LAR,Rams D/ST,DST,7,LAR,117.96,1.1,0.2,132.5,,,,,,,,,,,,
71,9038,Matthew Stafford,QB,8,LAR,148.28,0.21,0.2,72.5,,,104.0,8.0,3.0,106.3,102.0,127.0,13.7,4.0,3.0,17.0
72,DST-LAC,Chargers D/ST,DST,8,LAC,117.2,0.34,0.1,161.3,,,,,,,,,,,,
73,21681,Justin Herbert,QB,9,LAC,148.07,0.0,0.0,62.6,,,68.0,6.0,2.0,77.7,48.0,91.0,21.7,4.0,2.0,17.0
74,21684,D'Andre Swift,RB,20,CHI,94.56,0.0,0.0,28.1,,,55.0,6.0,2.0,51.7,46.0,50.0,2.1,3.0,3.0,17.0
75,23234,Jameson Williams,WR,21,DET,95.49,0.0,0.0,37.0,,,47.0,5.0,4.0,59.0,44.0,76.0,16.2,4.0,3.0,17.0
76,24118,Tucker Kraft,TE,10,GB,77.77,0.0,0.0,51.8,,,61.0,6.0,2.0,66.3,55.0,70.0,7.5,4.0,2.0,9.0
77,DST-BUF,Bills D/ST,DST,9,BUF,116.86,0.0,0.0,157.0,,,,,,,,,,,,
78,ESPN-4689936,Jake Bates,K,9,DET,144.34,0.0,0.0,100.6,,,225.0,11.0,5.0,195.0,219.0,247.0,15.9,,,
79,ESPN-4697745,Tyler Loop,K,10,BAL,143.96,-0.38,-0.0,109.9,,,209.0,11.0,3.0,205.3,201.0,217.0,8.0,,,
80,23241,Brock Purdy,QB,10,SF,148.0,-0.07,-0.1,79.4,,,92.0,7.0,1.0,107.0,81.0,98.0,9.5,4.0,2.0,16.0
81,ESPN-17427,Cairo Santos,K,11,CHI,143.38,-0.96,-0.1,137.1,,,220.0,11.0,0.0,249.3,209.0,233.0,12.5,,,
82,DST-JAX,Jaguars D/ST,DST,10,JAX,116.58,-0.28,-0.1,156.2,,,,,,,,,,,,
83,ESPN-17372,Chris Boswell,K,12,PIT,142.11,-2.23,-0.2,122.3,,,245.0,12.0,4.0,219.7,225.0,249.0,12.0,,,
84,ESPN-4869461,Trey Smack,K,13,GB,142.06,-2.28,-0.2,131.1,,,381.0,14.0,4.0,276.0,,,,,,
85,ESPN-3150744,Chase McLaughlin,K,15,TB,141.5,-2.84,-0.3,141.5,,,228.0,11.0,3.0,241.0,203.0,215.0,6.4,,,
86,ESPN-4567104,Will Reichard,K,14,MIN,141.8,-2.54,-0.3,121.3,,,272.0,12.0,2.0,217.3,,,,,,
87,DST-BAL,Ravens D/ST,DST,11,BAL,115.39,-1.47,-0.3,185.0,,,,,,,,,,,,
88,21831,Jalen Hurts,QB,11,PHI,147.63,-0.44,-0.4,50.8,,,56.0,6.0,5.0,62.0,45.0,69.0,12.1,4.0,3.0,17.0
89,ESPN-10621,Nick Folk,K,16,ATL,140.63,-3.71,-0.4,218.9,,,388.0,14.0,0.0,167.0,,,,,,
90,ESPN-4360234,Evan McPherson,K,17,CIN,140.55,-3.79,-0.4,121.8,,,222.0,11.0,2.0,234.3,190.0,230.0,22.0,4.0,2.0,
91,DST-KC,Chiefs D/ST,DST,12,KC,114.99,-1.87,-0.4,166.0,,,,,,,,,,,,
92,DST-DET,Lions D/ST,DST,13,DET,114.24,-2.62,-0.5,173.5,,,,,,,,,,,,
93,DST-CLE,Browns D/ST,DST,14,CLE,113.82,-3.04,-0.6,172.0,,,,,,,,,,,,
94,ESPN-4571557,Spencer Shrader,K,18,IND,138.45,-5.89,-0.6,244.0,,,426.0,15.0,4.0,,,,,,,
95,DST-PIT,Steelers D/ST,DST,15,PIT,113.26,-3.6,-0.7,179.3,,,,,,,,,,,,
96,DST-GB,Packers D/ST,DST,16,GB,112.63,-4.23,-0.8,178.0,,,,,,,,,,,,
97,ESPN-3051909,Daniel Carlson,K,19,NO,136.44,-7.9,-0.8,218.9,,,401.0,14.0,1.0,,,,,,,
98,DST-NO,Saints D/ST,DST,17,NO,112.08,-4.78,-1.0,181.0,,,,,,,,,,,,
99,ESPN-2985659,Wil Lutz,K,21,DEN,133.91,-10.43,-1.0,162.7,,,274.0,12.0,1.0,228.5,226.0,250.0,13.6,,,
100,ESPN-3917232,Tyler Bass,K,20,BUF,134.53,-9.81,-1.0,183.9,,,357.0,14.0,2.0,242.0,,,,,,
101,ESPN-3050478,Jake Elliott,K,22,PHI,133.14,-11.2,-1.1,151.8,,,364.0,14.0,5.0,221.0,,,,,,
102,22598,Jaylen Waddle,WR,22,DEN,94.44,-1.05,-1.1,27.1,,,45.0,5.0,2.0,48.0,25.0,36.0,5.5,4.0,3.0,17.0
103,18890,Patrick Mahomes,QB,12,KC,146.99,-1.08,-1.1,77.9,,,96.0,8.0,2.0,102.0,104.0,107.0,1.5,3.0,4.0,17.0
104,DST-IND,Colts D/ST,DST,18,IND,111.2,-5.66,-1.1,184.0,,,,,,,,,,,,
105,ESPN-5082424,Dominic Zvada,K,24,NYG,130.92,-13.42,-1.3,480.7,,,,,,,,,,,,
106,ESPN-5081335,Drew Stevens,K,23,WSH,131.32,-13.02,-1.3,310.6,,,,,,,,,,,,
107,DST-ATL,Falcons D/ST,DST,19,ATL,109.99,-6.87,-1.4,187.0,,,,,,,,,,,,
108,DST-NYJ,Jets D/ST,DST,29,NYJ,109.2,-7.66,-1.5,190.0,,,,,,,,,,,,
109,DST-WAS,WAS D/ST,DST,20,WAS,109.44,-7.42,-1.5,220.0,,,,,,,,,,,,
110,DST-TEN,Titans D/ST,DST,20,TEN,109.44,-7.42,-1.5,214.0,,,,,,,,,,,,
111,DST-NYG,Giants D/ST,DST,20,NYG,109.44,-7.42,-1.5,211.0,,,,,,,,,,,,
112,DST-CAR,Panthers D/ST,DST,20,CAR,109.44,-7.42,-1.5,202.0,,,,,,,,,,,,
113,DST-DAL,Cowboys D/ST,DST,20,DAL,109.44,-7.42,-1.5,182.9,,,,,,,,,,,,
114,DST-CIN,Bengals D/ST,DST,20,CIN,109.44,-7.42,-1.5,208.0,,,,,,,,,,,,
115,DST-MIA,Dolphins D/ST,DST,20,MIA,109.44,-7.42,-1.5,217.0,,,,,,,,,,,,
116,DST-ARI,Cardinals D/ST,DST,20,ARI,109.44,-7.42,-1.5,226.0,,,,,,,,,,,,
117,DST-LV,Raiders D/ST,DST,20,LV,109.44,-7.42,-1.5,205.0,,,,,,,,,,,,
118,ESPN-4243371,Riley Patterson,K,25,MIA,126.86,-17.48,-1.7,177.5,,,,,,,,,,,,
119,22490,Trevor Lawrence,QB,13,JAX,146.28,-1.79,-1.8,65.1,,,77.0,7.0,4.0,85.7,67.0,81.0,7.2,5.0,2.0,11.0
120,ESPN-4569923,Andy Borregales,K,26,NE,126.41,-17.93,-1.8,130.6,,,229.0,11.0,1.0,209.0,199.0,222.0,11.9,,,
121,DST-CHI,Bears D/ST,DST,30,CHI,107.15,-9.71,-1.9,193.0,,,,,,,,,,,,
122,DST-TB,Buccaneers D/ST,DST,31,TB,107.09,-9.77,-2.0,196.0,,,,,,,,,,,,
123,ESPN-4568263,Ryan Fitzgerald,K,28,CAR,122.89,-21.45,-2.1,249.5,,,417.0,15.0,0.0,,,,,,,
124,17922,Jared Goff,QB,14,DET,145.98,-2.09,-2.1,83.3,,,106.0,8.0,5.0,115.3,99.0,124.0,12.5,4.0,2.0,14.0
125,DST-SF,49ers D/ST,DST,32,SF,106.51,-10.35,-2.1,200.9,,,,,,,,,,,,
126,ESPN-4249087,Matt Gay,K,27,LV,123.26,-21.08,-2.1,232.7,,,,,,,,,,,,
127,ESPN-3124084,Joey Slye,K,29,TEN,121.66,-22.68,-2.3,261.8,,,410.0,15.0,4.0,,,,,,,
128,ESPN-4258620,Andre Szmyt,K,30,CLE,120.8,-23.54,-2.4,204.1,,,,,,,,,,,,
129,ESPN-4363538,Chad Ryland,K,31,ARI,119.27,-25.07,-2.5,199.2,,,398.0,14.0,2.0,,,,,,,
130,ESPN-4259619,Blake Grupe,K,32,NYJ,118.0,-26.34,-2.6,285.9,,,394.0,14.0,4.0,,,,,,,
131,25069,Bo Nix,QB,15,DEN,144.92,-3.15,-3.1,78.4,,,98.0,8.0,3.0,106.7,91.0,112.0,10.5,4.0,2.0,17.0
132,16470,Davante Adams,WR,24,LAR,92.29,-3.2,-3.2,33.0,,,44.0,5.0,1.0,57.0,50.0,80.0,15.2,4.0,4.0,17.0
133,20873,Terry McLaurin,WR,23,WAS,92.32,-3.17,-3.2,35.0,,,46.0,5.0,2.0,54.0,35.0,49.0,7.0,4.0,2.0,17.0
134,19863,Dallas Goedert,TE,11,PHI,74.09,-3.68,-3.7,81.8,,,111.0,8.0,4.0,120.7,105.0,111.0,3.0,4.0,4.0,17.0
135,26082,Jaxson Dart,QB,16,NYG,144.34,-3.73,-3.7,70.5,,,90.0,7.0,4.0,89.0,76.0,90.0,7.2,4.0,4.0,13.0
136,25946,Quinshon Judkins,RB,21,CLE,90.78,-3.78,-3.8,29.1,,,53.0,6.0,3.0,46.0,56.0,71.0,7.8,4.0,4.0,17.0
137,26044,Luther Burden III,WR,25,CHI,91.48,-4.01,-4.0,32.5,,,57.0,6.0,3.0,50.7,47.0,58.0,6.1,4.0,4.0,4.0
138,23138,Jake Ferguson,TE,12,DAL,73.48,-4.29,-4.3,78.9,,,126.0,9.0,2.0,112.3,123.0,174.0,27.9,2.0,4.0,17.0
139,23256,Isaiah Likely,TE,13,NYG,72.55,-5.22,-5.2,75.9,,,112.0,8.0,3.0,106.7,87.0,100.0,7.2,4.0,4.0,
140,19803,Mark Andrews,TE,14,BAL,72.44,-5.33,-5.3,85.3,,,114.0,8.0,4.0,116.0,110.0,191.0,41.2,4.0,4.0,17.0
141,23479,Jaylen Warren,RB,22,PIT,88.73,-5.83,-5.8,49.8,,,74.0,7.0,2.0,69.7,64.0,74.0,5.1,4.0,4.0,17.0
142,21738,Juwan Johnson,TE,15,NO,71.91,-5.86,-5.9,96.1,,,146.0,9.0,2.0,158.0,128.0,153.0,12.5,3.0,4.0,16.0
143,19790,Baker Mayfield,QB,17,TB,141.43,-6.64,-6.6,87.8,,,120.0,8.0,2.0,142.0,109.0,128.0,10.2,3.0,4.0,17.0
144,19844,DJ Moore,WR,26,BUF,88.8,-6.69,-6.7,29.6,,,62.0,6.0,4.0,52.7,43.0,63.0,10.1,4.0,2.0,17.0
145,20889,Kyler Murray,QB,18,MIN,141.33,-6.74,-6.7,89.7,,,113.0,8.0,5.0,134.7,104.0,133.0,16.5,4.0,3.0,8.0
146,24102,Dalton Kincaid,TE,16,BUF,70.03,-7.74,-7.7,79.9,,,105.0,8.0,3.0,105.3,96.0,123.0,13.5,3.0,4.0,13.0
147,24977,Rome Odunze,WR,27,CHI,87.64,-7.85,-7.8,41.4,,,59.0,6.0,3.0,64.0,62.0,79.0,8.6,4.0,3.0,17.0
148,20882,David Montgomery,RB,23,HOU,86.59,-7.97,-8.0,30.6,,,58.0,6.0,4.0,50.0,41.0,59.0,9.0,4.0,2.0,17.0
149,16597,Mike Evans,WR,28,SF,86.95,-8.54,-8.5,46.3,,,60.0,6.0,2.0,61.7,46.0,52.0,3.2,4.0,3.0,12.0
150,17975,Hunter Henry,TE,17,NE,69.28,-8.49,-8.5,98.6,,,148.0,9.0,4.0,150.0,171.0,187.0,8.5,2.0,3.0,17.0
151,19920,Dalton Schultz,TE,18,HOU,68.85,-8.92,-8.9,108.5,,,191.0,10.0,4.0,180.7,142.0,197.0,28.4,3.0,2.0,12.0
152,24223,Brenton Strange,TE,19,JAX,67.96,-9.81,-9.8,100.1,,,149.0,9.0,3.0,153.7,143.0,167.0,12.0,4.0,3.0,14.0
153,23395,Christian Watson,WR,29,GB,85.61,-9.88,-9.9,45.4,,,49.0,5.0,5.0,67.0,40.0,50.0,5.0,4.0,4.0,9.0
154,19800,Courtland Sutton,WR,30,DEN,85.56,-9.93,-9.9,55.2,,,84.0,7.0,2.0,89.7,73.0,97.0,12.1,2.0,4.0,17.0
155,21841,Jordan Love,QB,20,GB,137.5,-10.57,-10.6,94.7,,,122.0,8.0,4.0,141.0,113.0,120.0,3.6,4.0,3.0,17.0
156,23187,Tyler Shough,QB,19,NO,137.52,-10.55,-10.6,96.6,,,124.0,8.0,3.0,154.3,104.0,133.0,15.1,4.0,2.0,1.0
157,25898,Bhayshul Tuten,RB,24,JAX,83.68,-10.88,-10.9,38.5,,,65.0,6.0,4.0,56.3,57.0,58.0,0.6,4.0,3.0,9.0
158,24974,Marvin Harrison Jr.,WR,31,ARI,84.29,-11.2,-11.2,53.2,,,69.0,7.0,2.0,77.3,70.0,94.0,12.7,4.0,4.0,17.0
159,24143,Parker Washington,WR,32,JAX,83.87,-11.62,-11.6,45.8,,,72.0,7.0,4.0,79.3,55.0,64.0,4.7,4.0,3.0,3.0
160,20875,DK Metcalf,WR,33,PIT,83.86,-11.63,-11.6,56.7,,,76.0,7.0,3.0,83.0,83.0,95.0,6.0,4.0,4.0,17.0
161,23245,TreVeyon Henderson,RB,25,NE,82.95,-11.61,-11.6,40.4,,,63.0,6.0,2.0,51.7,54.0,86.0,16.8,4.0,3.0,17.0
162,20912,Tony Pollard,RB,26,TEN,82.61,-11.95,-11.9,56.2,,,73.0,7.0,3.0,81.0,56.0,88.0,16.5,3.0,2.0,16.0
163,20805,T.J. Hockenson,TE,20,MIN,65.35,-12.42,-12.4,104.0,,,213.0,11.0,4.0,172.7,199.0,210.0,5.6,3.0,4.0,17.0
164,22546,Rhamondre Stevenson,RB,27,NE,82.09,-12.47,-12.5,49.3,,,79.0,7.0,2.0,76.3,74.0,91.0,8.7,4.0,3.0,17.0
165,21744,Michael Pittman Jr.,WR,34,PIT,82.66,-12.83,-12.8,67.5,,,109.0,8.0,3.0,108.0,82.0,108.0,13.5,3.0,4.0,17.0
166,23232,Alec Pierce,WR,35,IND,82.62,-12.87,-12.9,67.0,,,80.0,7.0,4.0,89.0,77.0,100.0,12.5,4.0,4.0,6.0
167,24173,Michael Wilson,WR,36,ARI,82.36,-13.13,-13.1,61.1,,,99.0,8.0,2.0,87.7,130.0,150.0,10.3,,,6.0
168,19812,Sam Darnold,QB,21,SEA,134.79,-13.28,-13.3,111.9,,,142.0,9.0,4.0,149.7,146.0,157.0,7.8,2.0,4.0,11.0
169,24933,Brian Thomas Jr.,WR,37,JAX,81.05,-14.44,-14.4,58.2,,,71.0,7.0,4.0,73.7,80.0,109.0,15.9,3.0,4.0,17.0
170,21952,Rico Dowdle,RB,28,PIT,79.74,-14.82,-14.8,60.6,,,81.0,7.0,2.0,79.0,78.0,106.0,14.6,4.0,4.0,13.0
171,26752,Carnell Tate,WR,38,TEN,79.96,-15.53,-15.5,51.3,,,70.0,7.0,3.0,72.7,53.0,73.0,10.1,4.0,2.0,
172,23239,C.J. Stroud,QB,22,HOU,132.59,-15.48,-15.5,115.4,,,140.0,9.0,4.0,162.7,136.0,175.0,21.2,3.0,4.0,17.0
173,18880,Chris Godwin Jr.,WR,39,TB,79.86,-15.63,-15.6,64.1,,,93.0,7.0,4.0,92.0,89.0,120.0,15.8,4.0,4.0,17.0
174,23170,Wan'Dale Robinson,WR,40,TEN,79.55,-15.94,-15.9,69.0,,,125.0,8.0,3.0,119.0,78.0,99.0,10.8,3.0,3.0,15.0
175,20876,Jakobi Meyers,WR,41,JAX,78.71,-16.78,-16.8,80.4,,,115.0,8.0,4.0,121.0,90.0,127.0,18.5,2.0,2.0,17.0
176,23489,Chig Okonkwo,TE,21,WAS,59.91,-17.86,-17.9,107.5,,,154.0,9.0,1.0,152.0,145.0,190.0,25.4,4.0,3.0,1.0
177,23233,Jayden Reed,WR,42,GB,77.55,-17.94,-17.9,76.9,,,107.0,8.0,5.0,114.3,119.0,140.0,12.1,4.0,4.0,17.0
178,23310,Greg Dulcich,TE,22,MIA,59.62,-18.15,-18.1,132.1,,,241.0,11.0,5.0,207.7,123.0,183.0,32.8,4.0,3.0,
179,16906,Stefon Diggs,WR,43,WAS,77.26,-18.23,-18.2,74.0,,,132.0,9.0,2.0,122.3,69.0,96.0,14.6,4.0,2.0,17.0
180,20841,Daniel Jones,QB,23,IND,128.95,-19.12,-19.1,112.9,,,156.0,9.0,4.0,172.3,144.0,145.0,0.7,4.0,4.0,12.0
181,24145,Josh Downs,WR,44,IND,76.38,-19.11,-19.1,75.4,,,121.0,8.0,4.0,111.0,78.0,132.0,27.7,4.0,4.0,11.0
182,22507,Pat Freiermuth,TE,23,PIT,58.34,-19.43,-19.4,154.3,,,224.0,11.0,2.0,199.3,217.0,241.0,17.0,3.0,3.0,
183,21691,Chuba Hubbard,RB,29,CAR,74.91,-19.65,-19.6,64.6,,,82.0,7.0,1.0,78.0,94.0,126.0,16.7,2.0,4.0,15.0
184,23134,Cade Otton,TE,24,TB,58.15,-19.62,-19.6,148.4,,,239.0,11.0,2.0,215.5,227.0,252.0,13.2,2.0,4.0,5.0
185,22562,Kenny Gainwell,RB,30,TB,74.87,-19.69,-19.7,71.0,,,116.0,8.0,2.0,107.7,84.0,115.0,17.3,4.0,3.0,
186,23227,Khalil Shakir,WR,45,BUF,75.7,-19.79,-19.8,92.2,,,139.0,9.0,4.0,156.3,130.0,147.0,9.5,2.0,4.0,17.0
187,25106,AJ Barner,TE,25,SEA,56.88,-20.89,-20.9,124.2,,,180.0,10.0,3.0,184.0,157.0,200.0,21.5,4.0,2.0,3.0
188,26765,Jadarian Price,RB,31,SEA,73.47,-21.09,-21.1,42.9,,,67.0,6.0,4.0,60.0,60.0,74.0,7.0,4.0,4.0,
189,24944,Jonathon Brooks,RB,32,CAR,73.26,-21.3,-21.3,59.2,,,100.0,8.0,1.0,96.0,72.0,86.0,8.1,4.0,4.0,
190,21674,J.K. Dobbins,RB,33,DEN,73.22,-21.34,-21.3,66.1,,,83.0,7.0,2.0,89.3,83.0,95.0,6.4,4.0,4.0,14.0
191,26755,Kenyon Sadiq,TE,26,NYJ,56.16,-21.61,-21.6,106.0,,,199.0,10.0,4.0,160.7,154.0,251.0,49.1,3.0,4.0,
192,23132,Bryce Young,QB,24,CAR,126.2,-21.87,-21.9,123.2,,,168.0,10.0,2.0,174.0,178.0,197.0,13.4,2.0,4.0,5.0
193,23162,Jordan Addison,WR,46,MIN,73.0,-22.49,-22.5,74.4,,,95.0,8.0,5.0,110.0,88.0,122.0,18.6,4.0,3.0,17.0
194,19045,Aaron Jones Sr.,RB,34,MIN,72.0,-22.56,-22.6,81.3,,,117.0,8.0,4.0,116.0,101.0,116.0,8.4,1.0,4.0,17.0
195,25922,Matthew Golden,WR,47,GB,72.56,-22.93,-22.9,82.3,,,130.0,9.0,5.0,142.7,131.0,148.0,8.5,4.0,4.0,9.0
196,24924,Xavier Worthy,WR,48,KC,72.07,-23.42,-23.4,85.8,,,118.0,8.0,2.0,134.0,118.0,168.0,25.1,4.0,4.0,17.0
197,24226,Quentin Johnston,WR,49,LAC,71.12,-24.37,-24.4,69.5,,,89.0,7.0,2.0,106.0,77.0,126.0,24.8,4.0,4.0,16.0
198,23167,Romeo Doubs,WR,50,NE,71.06,-24.43,-24.4,84.3,,,127.0,9.0,2.0,146.0,114.0,137.0,11.5,4.0,3.0,14.0
199,25944,RJ Harvey,RB,35,DEN,69.84,-24.72,-24.7,61.6,,,102.0,8.0,2.0,81.3,87.0,127.0,20.4,2.0,4.0,17.0
200,25962,Gunnar Helm,TE,27,TEN,52.3,-25.47,-25.5,150.4,,,226.0,11.0,3.0,214.5,212.0,243.0,15.5,3.0,4.0,
201,20932,Deebo Samuel Sr.,WR,51,SF,69.89,-25.6,-25.6,89.2,,,141.0,9.0,2.0,143.0,92.0,133.0,20.7,3.0,4.0,17.0
202,20824,Josh Jacobs,RB,36,GB,68.82,-25.74,-25.7,38.9,,,34.0,4.0,4.0,28.7,34.0,52.0,10.1,4.0,4.0,17.0
203,25122,Jalen Coker,WR,52,CAR,68.74,-26.75,-26.8,90.2,,,134.0,9.0,2.0,161.7,128.0,135.0,3.8,3.0,3.0,
204,25952,Kyle Monangai,RB,37,CHI,67.54,-27.02,-27.0,71.5,,,91.0,7.0,2.0,87.3,85.0,114.0,16.5,4.0,4.0,10.0
205,18912,Evan Engram,TE,28,DEN,49.61,-28.16,-28.2,400.3,,,251.0,12.0,4.0,247.0,264.0,273.0,6.4,,,7.0
206,26762,KC Concepcion,WR,53,CLE,66.84,-28.65,-28.6,82.8,,,136.0,9.0,3.0,145.3,106.0,124.0,9.0,4.0,3.0,
207,19853,Mike Gesicki,TE,29,CIN,48.9,-28.87,-28.9,400.8,,,284.0,12.0,3.0,271.0,228.0,284.0,28.0,,,
208,25323,Cam Ward,QB,25,TEN,118.55,-29.52,-29.5,123.7,,,151.0,9.0,3.0,164.7,138.0,153.0,7.5,4.0,4.0,1.0
209,21692,Jerry Jeudy,WR,54,CLE,65.71,-29.78,-29.8,109.0,,,160.0,10.0,3.0,184.5,161.0,176.0,7.5,2.0,4.0,17.0
210,2593,Aaron Rodgers,QB,26,PIT,116.9,-31.17,-31.2,134.1,,,235.0,11.0,2.0,178.0,198.0,271.0,51.6,1.0,4.0,4.0
211,23729,Rashid Shaheed,WR,55,SEA,64.08,-31.41,-31.4,91.2,,,137.0,9.0,3.0,147.0,134.0,179.0,25.7,4.0,4.0,14.0
212,18018,Jacoby Brissett,QB,27,ARI,116.03,-32.04,-32.0,136.6,,,206.0,11.0,2.0,205.0,251.0,272.0,14.8,3.0,4.0,6.0
213,16964,Darren Waller,TE,30,CAR,45.69,-32.08,-32.1,422.0,,,358.0,14.0,2.0,,255.0,255.0,,,,7.0
214,14895,Geno Smith,QB,28,NYJ,115.85,-32.22,-32.2,374.2,,,234.0,11.0,4.0,217.5,151.0,238.0,61.5,2.0,4.0,3.0
215,24123,Tyjae Spears,RB,38,TEN,62.04,-32.52,-32.5,93.7,,,150.0,9.0,3.0,162.0,148.0,213.0,32.6,3.0,4.0,7.0
216,25876,Oronde Gadsden,TE,31,LAC,44.9,-32.87,-32.9,105.5,,,153.0,9.0,4.0,147.0,197.0,222.0,13.4,2.0,4.0,10.0
217,18876,David Njoku,TE,32,LAC,44.77,-33.0,-33.0,133.1,,,237.0,11.0,4.0,176.7,228.0,260.0,17.7,4.0,4.0,5.0
218,25963,Mason Taylor,TE,33,NYJ,44.17,-33.6,-33.6,214.5,,,277.0,12.0,4.0,280.5,230.0,302.0,40.7,1.0,4.0,3.0
219,24177,Tre Tucker,WR,56,LV,61.74,-33.75,-33.8,105.0,,,170.0,10.0,2.0,202.0,170.0,294.0,62.0,4.0,2.0,14.0
220,25970,Terrance Ferguson,TE,34,LAR,43.33,-34.44,-34.4,114.4,,,192.0,10.0,4.0,196.3,129.0,233.0,53.1,4.0,4.0,
221,15076,Keenan Allen,WR,57,IND,60.75,-34.74,-34.7,106.5,,,296.0,12.0,2.0,274.5,,,,2.0,4.0,17.0
222,23364,Jordan Mason,RB,39,MIN,59.28,-35.28,-35.3,72.0,,,103.0,8.0,4.0,109.7,102.0,117.0,8.4,2.0,4.0,17.0
223,21807,Colby Parkinson,TE,35,LAR,41.9,-35.87,-35.9,179.9,,,249.0,12.0,4.0,249.5,263.0,277.0,9.9,,,2.0
224,23217,Rachaad White,RB,40,WAS,58.6,-35.96,-36.0,77.4,,,110.0,8.0,4.0,111.3,73.0,116.0,23.1,4.0,2.0,13.0
225,26259,Jacory Croskey-Merritt,RB,41,WAS,58.44,-36.12,-36.1,76.4,,,94.0,8.0,4.0,107.0,97.0,132.0,17.6,3.0,4.0,17.0
226,26747,Denzel Boston,WR,58,CLE,58.57,-36.92,-36.9,102.1,,,159.0,10.0,3.0,168.7,125.0,140.0,7.5,4.0,4.0,
227,28053,De'Zhaun Stribling,WR,59,SF,58.47,-37.02,-37.0,80.9,,,165.0,10.0,2.0,163.3,120.0,193.0,38.2,3.0,4.0,
228,26748,Makai Lemon,WR,60,PHI,58.35,-37.14,-37.1,74.9,,,101.0,8.0,4.0,100.3,83.0,92.0,4.7,4.0,3.0,
229,24116,Blake Corum,RB,42,LAR,56.58,-37.98,-38.0,68.5,,,86.0,7.0,5.0,93.3,84.0,101.0,8.5,4.0,4.0,17.0
230,23211,MarShawn Lloyd,RB,43,GB,56.37,-38.19,-38.2,83.8,,,201.0,10.0,4.0,199.5,131.0,187.0,28.6,4.0,4.0,
231,23118,Malik Willis,QB,29,MIA,109.79,-38.28,-38.3,102.5,,,135.0,9.0,3.0,153.3,103.0,114.0,5.6,4.0,4.0,
232,23140,Michael Mayer,TE,36,LV,39.14,-38.63,-38.6,315.5,,,334.0,13.0,3.0,287.0,287.0,320.0,23.3,,,3.0
233,25098,Jalen McMillan,WR,61,TB,56.37,-39.12,-39.1,112.4,,,163.0,10.0,4.0,179.0,168.0,209.0,23.4,4.0,4.0,
234,19802,Calvin Ridley,WR,62,TEN,55.68,-39.81,-39.8,134.6,,,190.0,10.0,3.0,199.5,164.0,199.0,19.4,2.0,4.0,13.0
235,25942,Woody Marks,RB,44,HOU,54.61,-39.95,-40.0,86.8,,,133.0,9.0,4.0,149.7,155.0,162.0,3.8,3.0,4.0,14.0
236,21717,Jauan Jennings,WR,63,MIN,54.82,-40.67,-40.7,118.3,,,158.0,10.0,5.0,170.7,170.0,204.0,19.1,2.0,4.0,16.0
237,23368,Jalen Nailor,WR,64,LV,54.6,-40.89,-40.9,108.0,,,178.0,10.0,2.0,172.3,160.0,213.0,30.3,,,
238,25103,Malik Washington,WR,65,MIA,54.39,-41.1,-41.1,113.4,,,217.0,11.0,3.0,204.5,283.0,290.0,4.9,3.0,4.0,12.0
239,20850,Dawson Knox,TE,37,BUF,36.04,-41.73,-41.7,401.8,,,343.0,14.0,3.0,,,,,,,
240,23142,Theo Johnson,TE,38,NYG,34.8,-42.97,-43.0,193.7,,,266.0,12.0,3.0,237.0,303.0,305.0,1.4,1.0,5.0,10.0
241,22623,Rashod Bateman,WR,66,BAL,51.81,-43.68,-43.7,161.7,,,196.0,10.0,4.0,279.0,208.0,214.0,3.1,3.0,4.0,7.0
242,18882,Cooper Kupp,WR,67,SEA,51.6,-43.89,-43.9,127.2,,,232.0,11.0,3.0,249.0,203.0,223.0,14.1,4.0,4.0,13.0
243,23136,Darnell Washington,TE,39,PIT,33.05,-44.72,-44.7,311.1,,,319.0,13.0,2.0,301.0,229.0,326.0,68.6,,,
244,23121,Kayshon Boutte,WR,68,HOU,50.17,-45.32,-45.3,116.8,,,182.0,10.0,2.0,186.0,173.0,220.0,27.1,3.0,4.0,17.0
245,25889,Dylan Sampson,RB,45,CLE,48.74,-45.82,-45.8,101.1,,,152.0,9.0,3.0,173.0,121.0,212.0,46.9,4.0,2.0,3.0
246,18878,Alvin Kamara,RB,46,NO,48.52,-46.04,-46.0,99.1,,,147.0,9.0,3.0,142.0,129.0,151.0,11.9,2.0,4.0,17.0
247,25198,Devaughn Vele,WR,69,NO,49.31,-46.18,-46.2,158.3,,,283.0,12.0,3.0,292.0,,,,,,
248,21772,Cole Kmet,TE,40,CHI,31.21,-46.56,-46.6,329.8,,,336.0,13.0,2.0,,,,,,,1.0
249,24954,Adonai Mitchell,WR,70,NYJ,47.56,-47.93,-47.9,124.7,,,162.0,10.0,4.0,214.0,171.0,180.0,4.5,4.0,4.0,4.0
250,20753,Noah Fant,TE,41,NO,29.45,-48.32,-48.3,339.7,,,377.0,14.0,2.0,,,,,,,
251,23173,Zach Charbonnet,RB,47,SEA,45.84,-48.72,-48.7,94.2,,,131.0,9.0,4.0,133.0,135.0,155.0,10.0,3.0,4.0,17.0
252,18032,Tyler Higbee,TE,42,LAR,28.9,-48.87,-48.9,354.0,,,331.0,13.0,4.0,,270.0,325.0,38.9,,,
253,20802,Justice Hill,RB,48,BAL,44.26,-50.3,-50.3,308.1,,,253.0,12.0,3.0,218.5,262.0,288.0,18.4,,,11.0
254,25124,Ryan Flournoy,WR,71,DAL,44.72,-50.77,-50.8,128.7,,,188.0,10.0,2.0,241.5,181.0,328.0,81.9,4.0,2.0,
255,23253,Dontayvion Wicks,WR,72,PHI,44.64,-50.85,-50.9,302.2,,,195.0,10.0,4.0,230.0,163.0,193.0,15.5,3.0,4.0,
256,20943,Darius Slayton,WR,72,NYG,44.64,-50.85,-50.9,340.2,,,273.0,12.0,4.0,,,,,3.0,4.0,3.0
257,25914,Jaylin Noel,WR,74,HOU,44.44,-51.05,-51.0,145.4,,,216.0,11.0,3.0,263.0,174.0,198.0,13.1,4.0,3.0,1.0
258,21785,Noah Gray,TE,43,KC,26.53,-51.24,-51.2,334.3,,,342.0,14.0,4.0,,,,,,,
259,25208,Erick All Jr.,TE,44,CIN,26.49,-51.28,-51.3,384.5,,,359.0,14.0,3.0,,296.0,309.0,9.2,,,
260,26056,Travis Hunter,WR,75,JAX,44.17,-51.32,-51.3,117.3,,,172.0,10.0,4.0,170.7,163.0,242.0,39.6,3.0,4.0,10.0
261,25092,Tyrone Tracy Jr.,RB,49,NYG,42.38,-52.18,-52.2,98.1,,,128.0,9.0,4.0,143.3,122.0,141.0,9.5,4.0,3.0,17.0
262,22662,Tommy Tremble,TE,45,CAR,25.06,-52.71,-52.7,327.4,,,393.0,14.0,2.0,,,,,,,
263,24347,Xavier Hutchinson,WR,76,HOU,42.61,-52.88,-52.9,402.8,,,380.0,14.0,3.0,,,,,,,
264,25925,Tre' Harris,WR,77,LAC,42.5,-52.99,-53.0,127.7,,,175.0,10.0,2.0,207.0,152.0,180.0,16.2,4.0,3.0,
265,26862,Caleb Douglas,WR,78,MIA,42.34,-53.15,-53.1,129.7,,,300.0,12.0,3.0,269.0,244.0,292.0,33.9,,,
266,26750,Germie Bernard,WR,79,PIT,41.86,-53.63,-53.6,164.7,,,247.0,12.0,3.0,270.0,166.0,250.0,43.7,2.0,4.0,
267,23662,Jake Tonges,TE,46,SF,24.13,-53.64,-53.6,178.5,,,305.0,13.0,3.0,245.5,,,,,,2.0
268,23237,Chris Rodriguez Jr.,RB,50,JAX,40.55,-54.01,-54.0,86.3,,,119.0,8.0,4.0,157.7,119.0,139.0,14.1,3.0,4.0,2.0
269,18990,Jonnu Smith,TE,47,GB,23.63,-54.14,-54.1,465.9,,,434.0,15.0,,,,,,,,5.0
270,17963,Austin Hooper,TE,48,ATL,23.29,-54.48,-54.5,258.3,,,428.0,15.0,3.0,,,,,,,
271,26978,Will Kacmarek,TE,49,MIA,23.06,-54.71,-54.7,418.6,,,453.0,15.0,5.0,,,,,,,
272,24973,Troy Franklin,WR,80,DEN,40.24,-55.25,-55.2,163.7,,,208.0,11.0,2.0,273.0,231.0,272.0,29.0,1.0,5.0,15.0
273,25003,Xavier Legette,WR,81,CAR,39.64,-55.85,-55.9,392.9,,,279.0,12.0,2.0,277.0,282.0,318.0,25.5,2.0,4.0,13.0
274,26760,Omar Cooper Jr.,WR,82,NYJ,39.32,-56.17,-56.2,120.3,,,167.0,10.0,4.0,174.7,138.0,166.0,14.0,4.0,4.0,
275,23250,Tyler Allgeier,RB,51,ARI,38.33,-56.23,-56.2,88.7,,,129.0,9.0,2.0,144.0,142.0,149.0,3.6,3.0,4.0,17.0
276,23469,Tyquan Thornton,WR,83,KC,38.86,-56.63,-56.6,370.2,,,255.0,12.0,2.0,309.0,302.0,311.0,6.4,3.0,4.0,9.0
277,26746,Ja'Kobi Lane,WR,83,BAL,38.86,-56.63,-56.6,110.9,,,265.0,12.0,4.0,195.5,214.0,263.0,24.5,3.0,4.0,
278,24449,Elijah Higgins,TE,50,ARI,21.07,-56.7,-56.7,446.2,,,479.0,16.0,2.0,,,,,,,
279,23371,Isiah Pacheco,RB,52,DET,37.4,-57.16,-57.2,99.6,,,138.0,9.0,5.0,154.3,140.0,155.0,10.6,3.0,4.0,17.0
280,20837,Ty Johnson,RB,53,BUF,36.16,-58.4,-58.4,323.4,,,259.0,12.0,2.0,213.0,248.0,314.0,46.7,,,
281,22597,Jalen Tolbert,WR,85,MIA,36.7,-58.79,-58.8,329.3,,,322.0,13.0,3.0,234.0,,,,,,
282,25975,Pat Bryant,WR,86,DEN,36.58,-58.91,-58.9,148.9,,,211.0,11.0,2.0,254.5,158.0,282.0,66.6,,,
283,26745,Chris Bell,WR,87,MIA,36.25,-59.24,-59.2,152.8,,,268.0,12.0,3.0,266.0,206.0,254.0,27.4,3.0,4.0,
284,26932,Mike Washington Jr.,RB,54,LV,34.89,-59.67,-59.7,95.1,,,187.0,10.0,2.0,183.3,139.0,202.0,44.5,3.0,4.0,
285,26101,Isaac TeSlaa,WR,88,DET,35.58,-59.91,-59.9,126.2,,,207.0,11.0,4.0,192.7,186.0,244.0,31.2,3.0,4.0,
286,23135,Charlie Kolar,TE,51,LAC,17.8,-59.97,-60.0,322.9,,,382.0,14.0,4.0,,202.0,259.0,40.3,,,
287,24180,DeMario Douglas,WR,89,NE,35.34,-60.15,-60.1,320.9,,,339.0,13.0,2.0,,,,,,,
288,23485,Daniel Bellinger,TE,52,TEN,17.49,-60.28,-60.3,325.9,,,409.0,14.0,3.0,,,,,,,
289,25935,Malachi Fields,WR,91,NYG,35.16,-60.33,-60.3,128.2,,,267.0,12.0,4.0,224.0,219.0,239.0,14.1,4.0,4.0,
290,24119,Andrei Iosivas,WR,90,CIN,35.2,-60.29,-60.3,390.5,,,314.0,13.0,4.0,267.0,,,,,,
291,23190,Brian Robinson,RB,55,ATL,34.07,-60.49,-60.5,103.0,,,145.0,9.0,2.0,146.7,143.0,168.0,13.1,1.0,4.0,17.0
292,20899,Josh Oliver,TE,53,MIN,17.12,-60.65,-60.6,373.2,,,461.0,15.0,4.0,,,,,,,
293,26032,Elijah Arroyo,TE,54,SEA,17.04,-60.73,-60.7,390.9,,,328.0,13.0,3.0,,293.0,316.0,16.3,,,
294,18993,Samaje Perine,RB,56,CIN,33.45,-61.11,-61.1,332.3,,,269.0,12.0,2.0,264.0,259.0,261.0,1.4,2.0,5.0,1.0
295,26863,Eli Raridon,TE,55,NE,16.35,-61.42,-61.4,368.8,,,353.0,14.0,4.0,304.0,291.0,334.0,30.4,,,
296,21786,Adam Trautman,TE,56,DEN,15.79,-61.98,-62.0,470.3,,,468.0,15.0,4.0,,,,,,,
297,24989,Tory Horton,WR,92,SEA,33.17,-62.32,-62.3,180.4,,,250.0,12.0,3.0,263.5,269.0,295.0,18.4,4.0,4.0,
298,23010,Brock Wright,TE,57,DET,15.37,-62.4,-62.4,385.0,,,,,,,,,,,,
299,24214,Keaton Mitchell,RB,57,LAC,31.64,-62.92,-62.9,97.6,,,144.0,9.0,3.0,165.7,121.0,152.0,17.6,4.0,3.0,
300,23193,Tank Bigsby,RB,58,PHI,31.46,-63.1,-63.1,101.6,,,143.0,9.0,4.0,171.0,134.0,138.0,2.1,4.0,3.0,5.0
301,24934,Braelon Allen,RB,59,NYJ,31.05,-63.51,-63.5,115.9,,,161.0,10.0,3.0,197.5,167.0,218.0,36.1,2.0,4.0,4.0
302,26757,Eli Stowers,TE,58,PHI,14.31,-63.46,-63.5,216.9,,,257.0,12.0,4.0,242.0,240.0,286.0,32.5,4.0,4.0,
303,24964,Keon Coleman,WR,93,BUF,31.81,-63.68,-63.7,209.5,,,246.0,12.0,4.0,282.5,218.0,298.0,42.5,2.0,4.0,13.0
304,23155,Jahan Dotson,WR,94,ATL,31.72,-63.77,-63.8,332.8,,,338.0,13.0,3.0,303.0,,,,,,
305,26807,Ted Hurst III,WR,95,TB,31.6,-63.89,-63.9,168.1,,,263.0,12.0,4.0,256.5,211.0,268.0,30.0,4.0,4.0,
306,25964,Elic Ayomanor,WR,96,TEN,31.43,-64.06,-64.1,192.3,,,238.0,11.0,3.0,206.0,207.0,273.0,46.7,1.0,5.0,4.0
307,24150,Luke Musgrave,TE,59,GB,13.54,-64.23,-64.2,314.5,,,385.0,14.0,2.0,,,,,,,2.0
308,25987,Chimere Dike,WR,98,TEN,31.16,-64.33,-64.3,201.6,,,240.0,11.0,3.0,287.0,268.0,269.0,0.7,1.0,5.0,9.0
309,26859,Antonio Williams,WR,97,WAS,31.22,-64.27,-64.3,272.1,,,227.0,11.0,2.0,220.5,173.0,223.0,25.3,4.0,2.0,
310,23165,Marvin Mims Jr.,WR,98,DEN,31.16,-64.33,-64.3,182.9,,,275.0,12.0,2.0,270.0,285.0,294.0,6.4,4.0,4.0,17.0
311,24947,Ja'Tavion Sanders,TE,60,CAR,13.18,-64.59,-64.6,391.4,,,341.0,14.0,2.0,289.0,,,,,,
312,24148,Davis Allen,TE,61,LAR,12.75,-65.02,-65.0,469.3,,,,,,,,,,,,
313,20931,Drew Sample,TE,62,CIN,12.65,-65.12,-65.1,449.1,,,,,,,,,,,,
314,22657,John Bates,TE,63,WAS,12.61,-65.16,-65.2,268.7,,,413.0,15.0,1.0,,,,,,,
315,26952,Malik Benson,WR,100,LV,29.89,-65.6,-65.6,370.7,,,421.0,15.0,2.0,,,,,,,
316,24986,Cade Stover,TE,64,HOU,11.93,-65.84,-65.8,482.6,,,,,,,,,,,,
317,22521,Jeremy Ruckert,TE,65,NYJ,11.76,-66.01,-66.0,437.3,,,,,,,,,,,,
318,26943,Nate Boerkircher,TE,66,JAX,11.5,-66.27,-66.3,278.1,,,475.0,16.0,3.0,,,,,,,
319,24288,Luke Schoonmaker,TE,69,DAL,11.34,-66.43,-66.4,490.0,,,490.0,16.0,2.0,,,,,,,
320,28066,Michael Trigg,TE,67,DAL,11.4,-66.37,-66.4,312.1,,,,,,,,,,,,
321,26925,Marlin Klein,TE,68,HOU,11.39,-66.38,-66.4,418.1,,,443.0,15.0,4.0,279.0,,,,,,
322,19318,Kendrick Bourne,WR,101,ARI,28.75,-66.74,-66.7,359.9,,,352.0,14.0,2.0,,,,,,,2.0
323,25972,Jackson Hawes,TE,70,BUF,10.99,-66.78,-66.8,325.4,,,470.0,15.0,3.0,,,,,,,
324,21961,Darnell Mooney,WR,102,NYG,28.38,-67.11,-67.1,171.6,,,214.0,11.0,4.0,250.0,172.0,208.0,19.1,4.0,4.0,17.0
325,24985,Ben Sinnott,TE,71,WAS,10.48,-67.29,-67.3,397.9,,,390.0,14.0,1.0,,,,,,,
326,26909,Zachariah Branch,WR,103,ATL,27.55,-67.94,-67.9,131.6,,,230.0,11.0,3.0,200.0,226.0,260.0,24.0,3.0,4.0,
327,25894,Jack Bech,WR,103,LV,27.55,-67.94,-67.9,176.5,,,261.0,12.0,2.0,221.0,241.0,286.0,31.8,3.0,4.0,
328,25875,Mitchell Evans,TE,72,CAR,9.63,-68.14,-68.1,360.9,,,399.0,14.0,2.0,,,,,,,
329,26940,John Michael Gyllenborg,TE,73,KC,9.52,-68.25,-68.2,435.8,,,,,,,,,,,,
330,25886,Jonah Coleman,RB,60,DEN,26.2,-68.36,-68.4,97.1,,,157.0,10.0,2.0,154.0,136.0,158.0,11.2,3.0,4.0,
331,18900,Mo Alie-Cox,TE,74,IND,9.34,-68.43,-68.4,295.3,,,474.0,15.0,3.0,,,,,,,
332,21747,Brandon Aiyuk,WR,105,SF,27.01,-68.48,-68.5,224.3,,,287.0,12.0,2.0,254.5,,,,2.0,5.0,5.0
333,26842,Justin Joly,TE,75,MIA,9.12,-68.65,-68.7,369.3,,,362.0,14.0,4.0,,,,,,,
334,26981,Kaelon Black,RB,61,SF,25.66,-68.9,-68.9,111.4,,,252.0,12.0,2.0,219.5,154.0,235.0,57.3,3.0,4.0,
335,26754,Jack Endries,TE,77,CIN,8.46,-69.31,-69.3,426.9,,,,,,,,,,,,
336,20884,Foster Moreau,TE,76,HOU,8.51,-69.26,-69.3,436.3,,,,,,,,,,,,
337,23880,Malik Davis,RB,62,DAL,25.21,-69.35,-69.3,350.0,,,256.0,12.0,4.0,,235.0,279.0,31.1,,,
338,25903,Jordan James,RB,63,SF,25.14,-69.42,-69.4,337.7,,,248.0,12.0,2.0,248.0,164.0,264.0,50.3,3.0,4.0,
339,26396,Keleki Latu,TE,78,BUF,8.4,-69.37,-69.4,427.9,,,,,,,,,,,,
340,25971,Oscar Delp,TE,78,NO,8.4,-69.37,-69.4,388.0,,,293.0,12.0,2.0,,,,,4.0,4.0,
341,19943,Durham Smythe,TE,80,BAL,8.27,-69.5,-69.5,282.5,,,,,,,,,,,,
342,22613,Joshua Palmer,WR,106,BUF,25.76,-69.73,-69.7,374.7,,,345.0,14.0,4.0,,,,,,,3.0
343,22119,Charlie Woerner,TE,82,ATL,7.95,-69.82,-69.8,417.6,,,,,,,,,,,,
344,24686,Nate Adkins,TE,81,DEN,7.96,-69.81,-69.8,438.3,,,,,,,,,,,,
345,24068,KaVontae Turpin,WR,107,DAL,25.55,-69.94,-69.9,316.5,,,373.0,14.0,2.0,,,,,,,
346,19023,Mack Hollins,WR,107,NE,25.55,-69.94,-69.9,365.3,,,304.0,13.0,2.0,,,,,,,
347,23192,Chris Brooks,RB,64,GB,24.6,-69.96,-70.0,413.1,,,260.0,12.0,4.0,298.0,242.0,290.0,33.9,2.0,4.0,
348,22524,James Mitchell,TE,83,CAR,7.55,-70.22,-70.2,282.0,,,,,,,,,,,,
349,21045,Hollywood Brown,WR,109,PHI,25.08,-70.41,-70.4,333.3,,,294.0,12.0,4.0,281.0,,,,,,11.0
350,25079,Kimani Vidal,RB,65,LAC,24.03,-70.53,-70.5,135.6,,,171.0,10.0,3.0,219.0,150.0,159.0,6.4,1.0,4.0,11.0
351,14901,Kyle Juszczyk,RB,66,SF,23.99,-70.57,-70.6,381.6,,,,,,,,,,,,
352,26852,Bryce Lance,WR,110,NO,24.78,-70.71,-70.7,367.3,,,356.0,14.0,3.0,,211.0,300.0,62.9,,,
353,26976,Matt Hibner,TE,84,BAL,6.99,-70.78,-70.8,451.1,,,,,,,,,,,,
354,25134,Brevyn Spann-Ford,TE,85,DAL,6.71,-71.06,-71.1,402.3,,,,,,,,,,,,
355,21768,Najee Harris,RB,67,NYG,23.48,-71.08,-71.1,139.0,,,303.0,13.0,3.0,310.0,,,,1.0,5.0,3.0
356,28056,Dallen Bentley,TE,86,DEN,6.53,-71.24,-71.2,375.2,,,,,,,,,,,,
357,26753,Max Klare,TE,87,LAR,6.49,-71.28,-71.3,214.0,,,337.0,13.0,4.0,369.0,,,,,,
358,24151,Payne Durham,TE,88,TB,6.41,-71.36,-71.4,414.1,,,,,,,,,,,,
359,25112,Jared Wiley,TE,89,KC,6.4,-71.37,-71.4,397.9,,,,,,,,,,,,
360,25141,Tip Reiman,TE,90,ARI,6.15,-71.62,-71.6,482.2,,,,,,,,,,,,
361,26938,Sam Roush,TE,91,CHI,6.0,-71.77,-71.8,480.2,,,,,,,,,,,,
362,24923,Jaylen Wright,RB,68,MIA,22.7,-71.86,-71.9,156.8,,,221.0,11.0,3.0,235.5,203.0,224.0,14.8,,,1.0
363,23644,Stone Smartt,TE,92,NO,5.9,-71.87,-71.9,263.3,,,,,,,,,,,,
364,26740,Fernando Mendoza,QB,30,LV,76.07,-72.0,-72.0,125.7,,,262.0,12.0,1.0,173.3,212.0,326.0,80.6,4.0,3.0,
365,24354,Blake Whiteheart,TE,93,CLE,5.75,-72.02,-72.0,462.4,,,,,,,,,,,,
366,19910,Ian Thomas,TE,94,LV,5.57,-72.2,-72.2,320.4,,,,,,,,,,,,
367,18422,Kalif Raymond,WR,111,CHI,23.2,-72.29,-72.3,434.3,,,387.0,14.0,3.0,,,,,,,
368,26956,Seydou Traore,TE,95,MIA,5.48,-72.29,-72.3,403.8,,,,,,,,,,,,
369,24375,Josh Whyle,TE,97,GB,5.34,-72.43,-72.4,398.3,,,,,,,,,,,,
370,22509,Hunter Long,TE,96,ARI,5.36,-72.41,-72.4,301.7,,,,,,,,,,,,
371,21142,Olamide Zaccheaus,WR,112,ATL,23.01,-72.48,-72.5,345.1,,,346.0,14.0,3.0,,,,,,,
372,21795,Luke Farrell,TE,98,SF,5.31,-72.46,-72.5,311.6,,,,,,,,,,,,
373,26793,Tanner Koziol,TE,99,JAX,5.21,-72.56,-72.6,420.5,,,478.0,16.0,3.0,,,,,,,
374,23608,Drew Ogletree,TE,100,IND,5.12,-72.65,-72.7,262.3,,,,,,,,,,,,
375,22823,Kylen Granson,TE,101,TEN,4.86,-72.91,-72.9,402.3,,,,,,,,,,,,
376,26955,Bauer Sharp,TE,102,TB,4.69,-73.08,-73.1,439.3,,,,,,,,,,,,
377,24980,Ray Davis,RB,69,BUF,21.34,-73.22,-73.2,120.8,,,174.0,10.0,2.0,213.5,150.0,236.0,48.0,4.0,4.0,1.0
378,21802,AJ Dillon,RB,70,CAR,21.19,-73.37,-73.4,321.9,,,484.0,16.0,1.0,,,,,,,
379,25002,Drake Dabney,TE,103,GB,4.14,-73.63,-73.6,411.7,,,,,,,,,,,,
380,17762,Chris Manhertz,TE,104,NYG,3.94,-73.83,-73.8,416.6,,,,,,,,,,,,
381,28057,Josh Cuevas,TE,105,BAL,3.79,-73.98,-74.0,429.4,,,,,,,,,,,,
382,23618,Ko Kieft,TE,106,TB,3.53,-74.24,-74.2,255.9,,,,,,,,,,,,
383,25144,Devin Culp,TE,107,TB,3.51,-74.26,-74.3,470.8,,,,,,,,,,,,
384,19165,Johnny Mundt,TE,108,PHI,3.38,-74.39,-74.4,401.3,,,,,,,,,,,,
385,25064,Isaiah Davis,RB,71,NYJ,20.13,-74.43,-74.4,369.8,,,254.0,12.0,3.0,316.0,232.0,314.0,58.0,2.0,4.0,5.0
386,25988,Moliki Matavao,TE,109,NO,3.15,-74.62,-74.6,471.8,,,,,,,,,,,,
387,23160,John Metchie III,WR,113,CAR,20.69,-74.8,-74.8,330.3,,,378.0,14.0,2.0,,,,,,,6.0
388,24609,Emari Demercado,RB,72,DAL,19.67,-74.89,-74.9,415.1,,,281.0,12.0,3.0,313.0,239.0,313.0,52.3,1.0,5.0,3.0
389,19035,Eric Saubert,TE,110,SEA,2.66,-75.11,-75.1,371.2,,,,,,,,,,,,
390,18047,Demarcus Robinson,WR,114,SF,19.84,-75.65,-75.7,356.4,,,438.0,15.0,2.0,,,,,,,
391,19304,Pharaoh Brown,TE,111,IND,1.85,-75.92,-75.9,372.2,,,,,,,,,,,,
392,26948,Zavion Thomas,WR,116,CHI,19.26,-76.23,-76.2,362.4,,,392.0,14.0,3.0,,,,,,,
393,26835,Emmett Johnson,RB,73,KC,18.4,-76.16,-76.2,116.3,,,176.0,10.0,3.0,194.0,154.0,160.0,4.2,4.0,4.0,
394,21349,Ashton Dulin,WR,115,IND,19.31,-76.18,-76.2,430.4,,,397.0,14.0,4.0,,,,,,,
395,26038,Jaydon Blue,RB,74,PHI,18.18,-76.38,-76.4,132.6,,,215.0,11.0,4.0,206.5,167.0,220.0,37.5,4.0,4.0,2.0
396,24309,Emanuel Wilson,RB,76,SEA,17.77,-76.79,-76.8,174.0,,,177.0,10.0,4.0,267.5,194.0,224.0,21.2,3.0,4.0,6.0
397,22553,Michael Carter,RB,75,TEN,17.8,-76.76,-76.8,303.7,,,354.0,14.0,3.0,,,,,,,8.0
398,24421,Cameron Latu,TE,112,NE,0.99,-76.78,-76.8,492.5,,,,,,,,,,,,
399,28161,Carsen Ryan,TE,113,CLE,0.87,-76.9,-76.9,411.2,,,,,,,,,,,,
400,22498,Feleipe Franks,TE,114,CAR,0.65,-77.12,-77.1,299.7,,,,,,,,,,,,
401,23650,Lucas Krull,TE,115,DEN,0.6,-77.17,-77.2,258.3,,,,,,,,,,,,
402,23084,Shane Zylstra,TE,118,BUF,0.52,-77.25,-77.2,240.6,,,,,,,,,,,,
403,19491,Robert Tonyan,TE,117,PIT,0.54,-77.23,-77.2,336.7,,,,,,,,,,,,
404,22511,Quintin Morris,TE,116,JAX,0.59,-77.18,-77.2,344.6,,,,,,,,,,,,
405,26274,Ben Yurosek,TE,119,MIN,0.37,-77.4,-77.4,418.1,,,,,,,,,,,,
406,24194,Sean Tucker,RB,77,TB,17.02,-77.54,-77.5,143.5,,,179.0,10.0,2.0,217.5,232.0,252.0,14.1,3.0,4.0,13.0
407,23490,Jelani Woods,TE,120,NYJ,0.01,-77.76,-77.8,305.2,,,,,,,,,,,,
408,25899,Brashard Smith,RB,78,KC,16.21,-78.35,-78.3,200.7,,,298.0,12.0,3.0,317.0,,,,,,
409,24978,Devontez Walker,WR,117,BAL,16.89,-78.6,-78.6,443.2,,,408.0,14.0,4.0,,,,,,,
410,26979,Cyrus Allen,WR,118,KC,16.52,-78.97,-79.0,113.9,,,312.0,13.0,2.0,230.5,188.0,234.0,32.5,,,
411,23196,George Holani,RB,79,SEA,14.95,-79.61,-79.6,355.0,,,244.0,12.0,4.0,210.0,240.0,257.0,12.0,3.0,3.0,
412,22602,Tutu Atwell,WR,119,LAR,15.84,-79.65,-79.7,335.7,,,369.0,14.0,3.0,283.0,,,,,,
413,25986,LeQuint Allen Jr.,RB,80,JAX,14.86,-79.7,-79.7,347.1,,,295.0,12.0,4.0,259.0,243.0,306.0,44.5,2.0,4.0,
414,26476,Jahdae Walker,WR,119,CHI,15.84,-79.65,-79.7,465.4,,,452.0,15.0,3.0,,,,,,,
415,24987,Luke McCaffrey,WR,121,WAS,15.58,-79.91,-79.9,378.6,,,323.0,13.0,2.0,,,,,,,
416,23847,Bam Knight,RB,81,ARI,14.04,-80.52,-80.5,163.2,,,360.0,14.0,2.0,,,,,,,11.0
417,22686,Dyami Brown,WR,122,WAS,14.54,-80.95,-81.0,429.4,,,418.0,15.0,2.0,,,,,,,1.0
418,25090,Terrell Jennings,RB,82,NE,13.54,-81.02,-81.0,360.4,,,420.0,15.0,2.0,,,,,,,2.0
419,26034,Isaiah Bond,WR,123,CLE,14.51,-80.98,-81.0,397.4,,,313.0,13.0,3.0,,,,,,,
420,25205,Isaiah Williams,WR,124,NYJ,14.4,-81.09,-81.1,483.1,,,,,,,,,,,,
421,25953,Ollie Gordon II,RB,83,MIA,13.19,-81.37,-81.4,410.7,,,223.0,11.0,3.0,294.0,221.0,245.0,17.0,3.0,4.0,6.0
422,25912,Kyle Williams,WR,125,NE,13.1,-82.39,-82.4,178.0,,,289.0,12.0,2.0,289.0,266.0,301.0,24.7,,,
423,26736,J'Mari Taylor,RB,84,JAX,12.11,-82.45,-82.5,276.6,,,379.0,14.0,4.0,,,,,,,
424,24991,Jawhar Jordan,RB,85,HOU,11.98,-82.58,-82.6,396.9,,,367.0,14.0,4.0,,,,,,,
425,28051,Kevin Coleman Jr.,WR,126,MIA,12.93,-82.56,-82.6,381.1,,,376.0,14.0,3.0,,206.0,291.0,60.1,,,
426,23119,Treylon Burks,WR,127,WAS,12.1,-83.39,-83.4,334.7,,,348.0,14.0,2.0,,,,,,,
427,24278,Hunter Luepke,RB,86,DAL,10.77,-83.79,-83.8,406.7,,,466.0,15.0,4.0,,,,,,,
428,20941,Devin Singletary,RB,87,NYG,10.54,-84.02,-84.0,318.5,,,286.0,12.0,4.0,242.0,271.0,316.0,31.8,,,6.0
429,26764,Demond Claiborne,RB,89,MIN,10.37,-84.19,-84.2,135.1,,,242.0,11.0,4.0,226.0,225.0,256.0,21.9,3.0,4.0,
430,25102,Will Shipley,RB,88,PHI,10.41,-84.15,-84.2,389.0,,,324.0,13.0,4.0,,280.0,301.0,14.8,,,4.0
431,26942,Seth McGowan,RB,92,IND,10.14,-84.42,-84.4,424.0,,,291.0,12.0,4.0,315.0,230.0,292.0,43.8,,,
432,25892,Elijah Sarratt,WR,128,BAL,11.05,-84.44,-84.4,222.8,,,258.0,12.0,4.0,265.0,207.0,261.0,29.1,4.0,4.0,
433,25900,DJ Giddens,RB,91,IND,10.18,-84.38,-84.4,449.6,,,270.0,12.0,4.0,305.0,227.0,304.0,54.4,2.0,4.0,
434,24971,Audric Estimé,RB,90,NO,10.19,-84.37,-84.4,189.3,,,,,,,,,,,,
435,25039,Roman Wilson,WR,129,PIT,10.92,-84.57,-84.6,484.1,,,424.0,15.0,3.0,,,,,,,
436,25939,Kaytron Allen,RB,93,WAS,9.84,-84.72,-84.7,138.0,,,205.0,11.0,4.0,227.5,158.0,204.0,32.5,2.0,4.0,
437,21071,Greg Dortch,WR,130,BUF,10.71,-84.78,-84.8,343.6,,,432.0,15.0,4.0,,,,,,,
438,26857,Aaron Anderson,WR,131,CLE,10.41,-85.08,-85.1,416.1,,,,,,,,,,,,
439,26080,Raheim Sanders,RB,95,CLE,9.33,-85.23,-85.2,355.9,,,371.0,14.0,3.0,,,,,,,
440,25976,Jaylin Lane,WR,133,WAS,10.27,-85.22,-85.2,380.1,,,375.0,14.0,2.0,,,,,,,
441,24238,Kendre Miller,RB,94,NO,9.41,-85.15,-85.2,182.4,,,290.0,12.0,3.0,314.0,279.0,320.0,29.0,2.0,4.0,11.0
442,26799,Skyler Bell,WR,132,BUF,10.33,-85.16,-85.2,434.8,,,307.0,13.0,4.0,302.0,237.0,296.0,41.7,,,
443,26846,Eric Rivers Jr.,WR,134,TB,10.01,-85.48,-85.5,490.5,,,,,,,,,,,,
444,26809,Brenen Thompson,WR,136,LAC,9.87,-85.62,-85.6,468.4,,,351.0,14.0,2.0,308.0,,,,,,
445,25201,Jordan Whittington,WR,135,LAR,9.93,-85.56,-85.6,383.1,,,406.0,14.0,1.0,,,,,,,
446,25001,Konata Mumpfield,WR,137,LAR,9.55,-85.94,-85.9,366.3,,,333.0,13.0,1.0,,276.0,287.0,7.8,,,
447,28064,Riley Nowakowski,RB,96,PIT,8.42,-86.14,-86.1,428.9,,,,,,,,,,,,
448,25906,Colbie Young,WR,138,CIN,9.43,-86.06,-86.1,354.5,,,454.0,15.0,4.0,,,,,,,
449,25982,Jimmy Horn Jr.,WR,139,CAR,9.22,-86.27,-86.3,463.9,,,486.0,16.0,2.0,300.0,,,,,,
450,25934,Tez Johnson,WR,140,TB,8.93,-86.56,-86.6,387.5,,,325.0,13.0,4.0,,,,,,,7.0
451,23487,Connor Heyward,RB,98,LV,7.65,-86.91,-86.9,342.1,,,,,,,,,,,,
452,25063,Isaac Guerendo,RB,97,SF,7.68,-86.88,-86.9,357.9,,,311.0,13.0,2.0,,,,,,,5.0
453,23632,Brittain Brown,RB,99,CHI,7.6,-86.96,-87.0,173.0,,,,,,,,,,,,
454,24372,Roschon Johnson,RB,100,CHI,7.31,-87.25,-87.2,488.1,,,402.0,14.0,2.0,,,,,,,
455,26040,Kaleb Johnson,RB,101,GB,7.28,-87.28,-87.3,174.5,,,285.0,12.0,2.0,286.5,258.0,293.0,24.7,2.0,5.0,4.0
456,27045,Nicholas Singleton,RB,102,TEN,7.18,-87.38,-87.4,130.2,,,193.0,10.0,3.0,195.5,144.0,267.0,63.4,3.0,4.0,
457,24511,Tyrell Shavers,WR,141,BUF,8.12,-87.37,-87.4,423.5,,,,,,,,,,,,
458,22556,Jaret Patterson,RB,103,LAC,7.11,-87.45,-87.5,186.8,,,494.0,16.0,3.0,,,,,,,
459,26849,CJ Daniels,WR,143,LAR,7.75,-87.74,-87.7,363.3,,,414.0,15.0,1.0,,,,,,,
460,24743,Xavier Smith,WR,142,LAR,7.82,-87.67,-87.7,297.3,,,463.0,15.0,1.0,,,,,,,
461,26059,Keandre Lambert-Smith,WR,144,LAC,7.43,-88.06,-88.1,461.0,,,,,,,,,,,,
462,21734,Nick Westbrook-Ikhine,WR,145,IND,7.42,-88.07,-88.1,464.4,,,389.0,14.0,4.0,,,,,,,1.0
463,25100,Frank Gore Jr.,RB,104,BUF,6.43,-88.13,-88.1,315.0,,,480.0,16.0,2.0,,,,,,,
464,20816,Lil'Jordan Humphrey,WR,147,DEN,7.31,-88.18,-88.2,324.9,,,497.0,16.0,2.0,,,,,,,
465,24342,Mitch Tinsley,WR,146,HOU,7.34,-88.15,-88.2,418.6,,,451.0,15.0,4.0,,,,,,,
466,26375,JP Richardson,WR,149,CHI,7.05,-88.44,-88.4,428.4,,,,,,,,,,,,
467,25911,Jalen Royals,WR,148,KC,7.11,-88.38,-88.4,386.0,,,340.0,13.0,2.0,,,,,,,
468,26289,Nathan Carter,RB,106,ATL,5.92,-88.64,-88.6,359.4,,,,,,,,,,,,
469,25045,Rasheen Ali,RB,105,BAL,5.96,-88.6,-88.6,275.1,,,400.0,14.0,3.0,,,,,,,
470,19120,David Moore,WR,150,CAR,6.86,-88.63,-88.6,328.8,,,,,,,,,,,,
471,16815,Ameer Abdullah,RB,107,JAX,5.74,-88.82,-88.8,392.4,,,,,,,,,,,,
472,24312,Jacob Saylors,RB,108,DET,5.68,-88.88,-88.9,379.6,,,,,,,,,,,,
473,23482,Bo Melton,WR,151,GB,6.6,-88.89,-88.9,357.4,,,,,,,,,,,,
474,25949,Tahj Brooks,RB,109,CIN,5.45,-89.11,-89.1,382.6,,,316.0,13.0,2.0,,,,,,,
475,24595,Zavier Scott,RB,110,CHI,5.16,-89.4,-89.4,458.5,,,435.0,15.0,4.0,,,,,,,
476,18857,Deshaun Watson,QB,31,CLE,58.58,-89.49,-89.5,360.4,,,302.0,13.0,4.0,231.0,313.0,336.0,16.3,1.0,5.0,
477,21227,Andrew Beck,RB,111,NYJ,4.97,-89.59,-89.6,347.6,,,,,,,,,,,,
478,16389,Odell Beckham Jr.,WR,152,NYG,5.92,-89.57,-89.6,462.4,,,459.0,15.0,4.0,,,,,,,
479,21677,Tua Tagovailoa,QB,32,ATL,58.41,-89.66,-89.7,155.8,,,271.0,12.0,4.0,224.5,280.0,281.0,0.7,2.0,4.0,11.0
480,25890,Barion Brown,WR,153,NO,5.73,-89.76,-89.8,353.5,,,,,,,,,,,,
481,24979,Malachi Corley,WR,154,CLE,5.6,-89.89,-89.9,307.1,,,,,,,,,,,,
482,25924,Tai Felton,WR,155,MIN,5.52,-89.97,-90.0,388.5,,,462.0,15.0,5.0,,,,,,,
483,25891,Jaydn Ott,RB,112,KC,4.27,-90.29,-90.3,334.3,,,491.0,16.0,3.0,,,,,,,
484,25409,Mason Tipton,WR,156,NO,5.07,-90.42,-90.4,351.0,,,,,,,,,,,,
485,25932,Efton Chism III,WR,157,NE,4.96,-90.53,-90.5,475.7,,,,,,,,,,,,
486,28534,Jamal Haynes,RB,114,CIN,3.93,-90.63,-90.6,321.4,,,,,,,,,,,,
487,25968,Corey Kiner,RB,113,NE,3.98,-90.58,-90.6,361.9,,,,,,,,,,,,
488,23223,Dameon Pierce,RB,115,PHI,3.83,-90.73,-90.7,167.6,,,396.0,14.0,4.0,,,,,,,
489,20819,Alec Ingold,RB,116,LAC,3.82,-90.74,-90.7,419.0,,,,,,,,,,,,
490,19207,Tim Patrick,WR,158,NYJ,4.67,-90.82,-90.8,319.0,,,487.0,16.0,4.0,,,,,,,
491,16928,Michael Burton,RB,117,CLE,3.59,-90.97,-91.0,313.5,,,,,,,,,,,,
492,25307,Darius Cooper,WR,159,PHI,4.32,-91.17,-91.2,472.3,,,,,,,,,,,,
493,19626,Dare Ogunbowale,RB,118,LV,3.4,-91.16,-91.2,484.6,,,,,,,,,,,,
494,26949,Dean Connors,RB,119,LAR,3.21,-91.35,-91.3,302.7,,,,,,,,,,,,
495,23004,Adam Prentice,RB,120,DEN,3.16,-91.4,-91.4,154.8,,,,,,,,,,,,
496,22547,Ronnie Rivers,RB,121,LAR,3.09,-91.47,-91.5,161.2,,,,,,,,,,,,
497,26961,Eli Heidenreich,RB,122,PIT,3.0,-91.56,-91.6,355.5,,,355.0,14.0,2.0,,,,,,,
498,26029,Damien Martinez,RB,123,GB,2.86,-91.7,-91.7,290.4,,,416.0,15.0,4.0,,,,,,,
499,25989,Lan Larison,RB,124,NE,2.71,-91.85,-91.8,351.5,,,,,,,,,,,,
500,23341,Tyler Goodson,RB,125,ATL,2.55,-92.01,-92.0,424.5,,,448.0,15.0,2.0,,,,,,,
501,22676,Kene Nwangwu,RB,126,NYJ,2.52,-92.04,-92.0,183.9,,,,,,,,,,,,
502,26801,Lewis Bond,WR,161,HOU,3.37,-92.12,-92.1,411.7,,,,,,,,,,,,
503,17914,Laquon Treadwell,WR,160,IND,3.43,-92.06,-92.1,406.2,,,,,,,,,,,,
504,24296,Brycen Tremayne,WR,163,CAR,3.26,-92.23,-92.2,450.6,,,,,,,,,,,,
505,24121,Derius Davis,WR,162,LAC,3.3,-92.19,-92.2,463.4,,,,,,,,,,,,
506,28050,Max Bredeson,RB,127,MIN,2.3,-92.26,-92.3,327.8,,,,,,,,,,,,
507,25054,Dylan Laube,RB,128,LV,1.87,-92.69,-92.7,308.1,,,450.0,15.0,2.0,,,,,,,
508,22590,Ben Skowronek,WR,164,PIT,2.77,-92.72,-92.7,405.7,,,,,,,,,,,,
509,24930,Sione Vaki,RB,129,DET,1.84,-92.72,-92.7,375.7,,,423.0,15.0,5.0,,,,,,,
510,22206,Reggie Gilliam,RB,130,NE,1.8,-92.76,-92.8,177.0,,,,,,,,,,,,
511,26967,Trebor Peña,WR,165,JAX,2.47,-93.02,-93.0,426.0,,,,,,,,,,,,
512,26851,Chase Roberts,WR,165,LV,2.47,-93.02,-93.0,303.2,,,,,,,,,,,,
513,25452,British Brooks,RB,131,HOU,1.55,-93.01,-93.0,407.7,,,,,,,,,,,,
514,28138,Dane Key,WR,165,DEN,2.47,-93.02,-93.0,417.6,,,,,,,,,,,,
515,26844,Noah Thomas,WR,165,CIN,2.47,-93.02,-93.0,415.6,,,,,,,,,,,,
516,26945,Reggie Virgil,WR,170,ARI,2.42,-93.07,-93.1,468.4,,,,,,,,,,,,
517,21675,Tyler Johnson,WR,169,DAL,2.43,-93.06,-93.1,346.6,,,,,,,,,,,,
518,24373,Kenny McIntosh,RB,132,SEA,1.28,-93.28,-93.3,326.4,,,,,,,,,,,,
519,23161,Jonathan Mingo,WR,171,DAL,2.12,-93.37,-93.4,361.4,,,,,,,,,,,,
520,26473,Jacardia Wright,RB,134,SEA,1.05,-93.51,-93.5,316.0,,,,,,,,,,,,
521,19209,Patrick Ricard,RB,133,NYG,1.07,-93.49,-93.5,270.7,,,,,,,,,,,,
522,22592,Elijah Moore,WR,172,PHI,1.91,-93.58,-93.6,395.9,,,458.0,15.0,4.0,,,,,,,
523,26805,Josh Cameron,WR,174,JAX,1.85,-93.64,-93.6,358.4,,,,,,,,,,,,
524,24397,Jalen Brooks,WR,172,ARI,1.91,-93.58,-93.6,383.1,,,,,,,,,,,,
525,23624,Dareke Young,WR,177,LV,1.66,-93.83,-93.8,490.0,,,,,,,,,,,,
526,25642,Kameron Johnson,WR,176,TB,1.72,-93.77,-93.8,450.1,,,,,,,,,,,,2.0
527,25926,Xavier Restrepo,WR,175,TEN,1.73,-93.76,-93.8,454.5,,,431.0,15.0,3.0,,,,,,,
528,23231,Tyler Badie,RB,135,DEN,0.69,-93.87,-93.9,145.4,,,,,,,,,,,,
529,25010,Ricky White III,WR,178,SEA,1.58,-93.91,-93.9,487.1,,,,,,,,,,,,
530,23273,Hassan Haskins,RB,136,NE,0.68,-93.88,-93.9,176.5,,,,,,,,,,,,2.0
531,24343,Nikko Remigio,WR,180,KC,1.53,-93.96,-94.0,,,,,,,,,,,,,
532,26057,Arian Smith,WR,181,NYJ,1.47,-94.02,-94.0,297.8,,,,,,,,,,,,
533,22539,Zamir White,RB,138,NO,0.52,-94.04,-94.0,376.7,,,467.0,15.0,2.0,,,,,,,7.0
534,23218,Pierre Strong Jr.,RB,137,GB,0.57,-93.99,-94.0,447.2,,,,,,,,,,,,
535,18030,Chris Moore,WR,179,BAL,1.54,-93.95,-94.0,408.2,,,,,,,,,,,,2.0
536,25904,Kalel Mullings,RB,139,TEN,0.51,-94.05,-94.0,362.4,,,471.0,15.0,3.0,,,,,,,
537,21138,Scotty Miller,WR,182,CHI,1.14,-94.35,-94.3,489.5,,,,,,,,,,,,
538,20081,Trent Sherfield,WR,184,BUF,0.96,-94.53,-94.5,195.2,,,,,,,,,,,,
539,24125,Jalin Hyatt,WR,183,NYG,1.03,-94.46,-94.5,404.3,,,,,,,,,,,,
540,25302,Josh Williams,RB,140,TB,0.01,-94.55,-94.5,299.3,,,,,,,,,,,,
541,22604,Tylan Wallace,WR,185,CLE,0.85,-94.64,-94.6,474.8,,,,,,,,,,,,
542,25687,Bryce Oliver,WR,186,TEN,0.82,-94.67,-94.7,416.1,,,,,,,,,,,,
543,26103,Jordan Watkins,WR,188,SF,0.65,-94.84,-94.8,393.4,,,,,,,,,,,,
544,24981,Jacob Cowing,WR,187,SF,0.67,-94.82,-94.8,486.1,,,,,,,,,,,,
545,26104,LaJohntay Wester,WR,189,BAL,0.34,-95.15,-95.2,479.2,,,,,,,,,,,,
546,21556,Tom Kennedy,WR,191,DET,0.24,-95.25,-95.2,403.3,,,,,,,,,,,,
547,23168,Skyy Moore,WR,190,GB,0.3,-95.19,-95.2,352.5,,,,,,,,,,,,
548,26962,Kaden Wetjen,WR,194,PIT,0.15,-95.34,-95.3,489.1,,,,,,,,,,,,
549,25126,Anthony Gould,WR,192,IND,0.2,-95.29,-95.3,460.5,,,,,,,,,,,,
550,21721,Devin Duvernay,WR,193,ARI,0.19,-95.3,-95.3,457.5,,,,,,,,,,,,
551,26953,Emmanuel Henderson Jr.,WR,196,SEA,0.02,-95.47,-95.5,421.5,,,,,,,,,,,,
552,23302,Britain Covey,WR,195,PHI,0.03,-95.46,-95.5,226.3,,,,,,,,,,,,
553,26430,Myles Price,WR,197,MIN,0.01,-95.48,-95.5,445.2,,,,,,,,,,,,
554,26079,Shedeur Sanders,QB,33,CLE,41.52,-106.55,-106.5,146.9,,,297.0,12.0,4.0,239.5,214.0,308.0,66.5,3.0,4.0,
555,23242,Michael Penix Jr.,QB,34,ATL,39.79,-108.28,-108.3,159.7,,,292.0,12.0,4.0,211.0,297.0,337.0,28.3,2.0,5.0,16.0
556,14252,Kirk Cousins,QB,35,LV,22.66,-125.41,-125.4,425.0,,,299.0,12.0,1.0,212.0,304.0,306.0,1.4,2.0,4.0,
557,24994,Carson Beck,QB,36,ARI,12.03,-136.04,-136.0,367.8,,,344.0,14.0,2.0,240.0,330.0,332.0,1.4,,,
558,26839,Taylen Green,QB,37,CLE,11.81,-136.26,-136.3,289.4,,,,,,,,,,,,
559,23186,Spencer Rattler,QB,38,NO,9.35,-138.72,-138.7,272.1,,,,,,,,,,,,
560,16763,Marcus Mariota,QB,39,WAS,8.26,-139.81,-139.8,358.9,,,425.0,15.0,2.0,,,,,,,8.0
561,24956,J.J. McCarthy,QB,40,MIN,8.17,-139.9,-139.9,175.5,,,332.0,13.0,5.0,244.0,315.0,319.0,2.8,,,10.0
562,16762,Jameis Winston,QB,41,NYG,7.78,-140.29,-140.3,352.0,,,422.0,15.0,4.0,,,,,,,
563,19850,Mason Rudolph,QB,41,PIT,7.78,-140.29,-140.3,333.8,,,,,,,,,,,,
564,26739,Ty Simpson,QB,43,LAR,6.87,-141.2,-141.2,228.8,,,365.0,14.0,3.0,407.0,,,,,,
565,22505,Davis Mills,QB,43,HOU,6.87,-141.2,-141.2,471.3,,,,,,,,,,,,
566,22496,Mac Jones,QB,45,SF,6.79,-141.28,-141.3,328.3,,,349.0,14.0,1.0,,317.0,318.0,0.7,,,1.0
567,24117,Anthony Richardson Sr.,QB,46,IND,6.6,-141.47,-141.5,317.0,,,384.0,14.0,4.0,,,,,,,
568,12831,Tyrod Taylor,QB,47,GB,6.43,-141.64,-141.6,301.2,,,,,,,,,,,,
569,22492,Justin Fields,QB,48,KC,6.03,-142.04,-142.0,323.9,,,361.0,14.0,2.0,,327.0,334.0,4.9,,,11.0
570,26048,Quinn Ewers,QB,49,JAX,5.96,-142.11,-142.1,364.8,,,477.0,16.0,3.0,,,,,,,
571,611,Joe Flacco,QB,51,CIN,5.62,-142.45,-142.4,427.4,,,403.0,14.0,3.0,,324.0,335.0,7.8,,,5.0
572,20880,Gardner Minshew II,QB,50,ARI,5.68,-142.39,-142.4,305.7,,,488.0,16.0,2.0,,,,,,,
573,22501,Kenny Pickett,QB,52,CAR,5.39,-142.68,-142.7,456.5,,,,,,,,,,,,
574,28048,Cade Klubnik,QB,53,NYJ,5.18,-142.89,-142.9,356.9,,,433.0,15.0,4.0,,,,,,,
575,21810,Tyler Huntley,QB,54,BAL,4.7,-143.37,-143.4,322.4,,,,,,,,,,,,
576,12841,Andy Dalton,QB,55,PHI,4.41,-143.66,-143.7,314.0,,,,,,,,,,,,
577,17920,Carson Wentz,QB,57,MIN,3.86,-144.21,-144.2,345.6,,,,,,,,,,,,
578,22493,Trey Lance,QB,56,LAC,3.91,-144.16,-144.2,318.0,,,495.0,16.0,2.0,,,,,,,
579,24168,Tyson Bagent,QB,58,CHI,3.68,-144.39,-144.4,291.9,,,,,,,,,,,,
580,28045,Drew Allar,QB,59,PIT,3.56,-144.51,-144.5,331.8,,,,,,,,,,,,
581,25884,Will Howard,QB,60,PIT,3.52,-144.55,-144.6,257.8,,,,,,,,,,,,
582,24992,Riley Leonard,QB,61,IND,3.48,-144.59,-144.6,378.1,,,485.0,16.0,4.0,,,,,,,
583,24625,Tommy DeVito,QB,62,NE,3.39,-144.68,-144.7,376.2,,,,,,,,,,,,
584,20954,Jarrett Stidham,QB,63,DEN,3.33,-144.74,-144.7,472.8,,,,,,,,,,,,
585,25877,Jalon Daniels,QB,64,TB,3.22,-144.85,-144.8,281.0,,,,,,,,,,,,
586,18811,Mitchell Trubisky,QB,66,TEN,3.15,-144.92,-144.9,343.1,,,,,,,,,,,,
587,24124,Tanner McKee,QB,66,PHI,3.15,-144.92,-144.9,444.2,,,,,,,,,,,,
588,19025,Joshua Dobbs,QB,65,DET,3.21,-144.86,-144.9,429.9,,,,,,,,,,,,
589,20859,Drew Lock,QB,68,SEA,3.04,-145.03,-145.0,306.2,,,,,,,,,,,,
590,20053,Kyle Allen,QB,68,BUF,3.04,-145.03,-145.0,301.7,,,,,,,,,,,,
591,25871,Garrett Nussmeier,QB,70,KC,2.72,-145.35,-145.3,277.6,,,,,,,,,,,,
592,19330,Nick Mullens,QB,71,JAX,2.71,-145.36,-145.4,431.9,,,,,,,,,,,,
593,23185,Sam Howell,QB,72,DAL,2.61,-145.46,-145.5,461.4,,,,,,,,,,,,
594,26933,Cole Payton,QB,73,PHI,2.34,-145.73,-145.7,280.0,,,,,,,,,,,,
595,21818,Shane Buechele,QB,74,BUF,2.16,-145.91,-145.9,152.8,,,,,,,,,,,,
596,26085,Kyle McCord,QB,75,MIA,1.94,-146.13,-146.1,322.4,,,,,,,,,,,,
597,25882,Jalen Milroe,QB,76,SEA,1.93,-146.14,-146.1,251.9,,,473.0,15.0,4.0,,,,,,,
598,28049,Behren Morton,QB,77,NE,1.67,-146.4,-146.4,295.8,,,,,,,,,,,,
599,24351,Stetson Bennett IV,QB,78,LAR,1.37,-146.7,-146.7,296.3,,,,,,,,,,,,
600,24350,Aidan O'Connell,QB,79,LV,1.17,-146.9,-146.9,356.9,,,,,,,,,,,,
601,19461,Cooper Rush,QB,80,ATL,0.94,-147.13,-147.1,447.6,,,,,,,,,,,,
602,26084,Brady Cook,QB,81,MIA,0.52,-147.55,-147.6,317.5,,,,,,,,,,,,
603,22495,Zach Wilson,QB,82,NO,0.03,-148.04,-148.0,158.7,,,,,,,,,,,,
