"RK",TIERS,"PLAYER NAME",TEAM,"POS","BYE","UPSIDE ","BUST ","SOS","ECR VS ADP","AVG. DIFF ","% OVER "
"1",1,"Jahmyr Gibbs",DET,"RB1","6","5 out of 5","1 out of 5","5 out of 5 stars","0","+1.9","50% (8/16)"
"2",1,"Bijan Robinson",ATL,"RB2","11","5 out of 5","1 out of 5","2 out of 5 stars","0","+2.1","56% (9/16)"
"3",1,"Ja'Marr Chase",CIN,"WR1","6","5 out of 5","1 out of 5","4 out of 5 stars","0","-0.3","40% (6/15)"
"4",1,"Puka Nacua",LAR,"WR2","11","5 out of 5","2 out of 5","1 out of 5 stars","+2","+2.6","60% (9/15)"
"5",2,"Jaxon Smith-Njigba",SEA,"WR3","11","5 out of 5","2 out of 5","3 out of 5 stars","+3","+2.4","62% (10/16)"
"6",2,"Amon-Ra St. Brown",DET,"WR4","6","5 out of 5","1 out of 5","4 out of 5 stars","+5","-0.1","37% (6/16)"
"7",2,"Jonathan Taylor",IND,"RB3","13","4 out of 5","3 out of 5","4 out of 5 stars","-2","+2.6","43% (7/16)"
"8",2,"CeeDee Lamb",DAL,"WR5","14","4 out of 5","2 out of 5","2 out of 5 stars","+7","-2.4","38% (5/13)"
"9",2,"Christian McCaffrey",SF,"RB4","8","4 out of 5","4 out of 5","2 out of 5 stars","-5","+2.8","75% (12/16)"
"10",2,"James Cook III",BUF,"RB5","7","4 out of 5","2 out of 5","2 out of 5 stars","-3","+2.2","62% (10/16)"
"11",2,"Justin Jefferson",MIN,"WR6","6","5 out of 5","2 out of 5","5 out of 5 stars","+5","-4.0","25% (4/16)"
"12",3,"Derrick Henry",BAL,"RB6","13","4 out of 5","2 out of 5","3 out of 5 stars","+1","+1.4","43% (7/16)"
"13",3,"Drake London",ATL,"WR7","11","5 out of 5","2 out of 5","3 out of 5 stars","+8","+0.9","45% (5/11)"
"14",3,"A.J. Brown",NE,"WR8","11","5 out of 5","2 out of 5","2 out of 5 stars","+14","-0.1","46% (7/15)"
"15",3,"Nico Collins",HOU,"WR9","8","4 out of 5","3 out of 5","3 out of 5 stars","+12","-0.5","46% (7/15)"
"16",3,"Saquon Barkley",PHI,"RB7","10","4 out of 5","3 out of 5","4 out of 5 stars","-2","-2.1","37% (6/16)"
"17",3,"Ashton Jeanty",LV,"RB8","13","5 out of 5","2 out of 5","2 out of 5 stars","-7","-0.6","43% (7/16)"
"18",3,"Brock Bowers",LV,"TE1","13","5 out of 5","2 out of 5","3 out of 5 stars","+7","-","-"
"19",3,"George Pickens",DAL,"WR10","14","4 out of 5","4 out of 5","2 out of 5 stars","+7","+2.4","43% (7/16)"
"20",4,"Chase Brown",CIN,"RB9","6","5 out of 5","2 out of 5","2 out of 5 stars","-3","+2.0","56% (9/16)"
"21",4,"Omarion Hampton",LAC,"RB10","7","5 out of 5","3 out of 5","3 out of 5 stars","-9","+0.7","55% (5/9)"
"22",4,"Josh Allen",BUF,"QB1","7","5 out of 5","2 out of 5","3 out of 5 stars","-4","+0.7","50% (8/16)"
"23",4,"Trey McBride",ARI,"TE2","14","4 out of 5","2 out of 5","2 out of 5 stars","-3","+2.2","56% (9/16)"
"24",4,"Kenneth Walker III",KC,"RB11","5","4 out of 5","3 out of 5","3 out of 5 stars","-5","-1.4","25% (4/16)"
"25",4,"De'Von Achane",MIA,"RB12","6","4 out of 5","4 out of 5","3 out of 5 stars","-16","+0.1","31% (5/16)"
"26",4,"Chris Olave",NO,"WR11","8","4 out of 5","4 out of 5","3 out of 5 stars","+3","+2.4","50% (8/16)"
"27",4,"Rashee Rice",KC,"WR12","5","4 out of 5","4 out of 5","2 out of 5 stars","+6","-","-"
"28",4,"Lamar Jackson",BAL,"QB2","13","4 out of 5","4 out of 5","3 out of 5 stars","+6","-4.4","41% (5/12)"
"29",4,"Malik Nabers",NYG,"WR13","8","4 out of 5","4 out of 5","4 out of 5 stars","+3","-","-"
"30",4,"Zay Flowers",BAL,"WR14","13","4 out of 5","2 out of 5","4 out of 5 stars","+13","-0.4","37% (6/16)"
"31",4,"Tee Higgins",CIN,"WR15","6","5 out of 5","2 out of 5","4 out of 5 stars","+11","+0.9","50% (7/14)"
"32",4,"Kyren Williams",LAR,"RB13","11","4 out of 5","2 out of 5","5 out of 5 stars","-10","+0.9","56% (9/16)"
"33",4,"DeVonta Smith",PHI,"WR16","10","4 out of 5","2 out of 5","4 out of 5 stars","+12","-1.0","37% (6/16)"
"34",4,"Josh Jacobs",GB,"RB14","11","4 out of 5","4 out of 5","4 out of 5 stars","-10","-1.7","40% (6/15)"
"35",5,"Emeka Egbuka",TB,"WR17","10","4 out of 5","3 out of 5","4 out of 5 stars","+11","-1.4","31% (5/16)"
"36",5,"Drake Maye",NE,"QB3","11","5 out of 5","2 out of 5","2 out of 5 stars","+18","+1.5","56% (9/16)"
"37",5,"Tetairoa McMillan",CAR,"WR18","5","3 out of 5","4 out of 5","2 out of 5 stars","+1","-0.3","37% (6/16)"
"38",5,"Javonte Williams",DAL,"RB15","14","4 out of 5","3 out of 5","4 out of 5 stars","-8","+0.9","56% (9/16)"
"39",5,"Colston Loveland",CHI,"TE3","10","5 out of 5","2 out of 5","2 out of 5 stars","+8","+1.9","53% (8/15)"
"40",5,"Breece Hall",NYJ,"RB16","13","4 out of 5","4 out of 5","3 out of 5 stars","-9","-1.2","43% (7/16)"
"41",5,"Jeremiyah Love",ARI,"RB17","14","5 out of 5","2 out of 5","2 out of 5 stars","-18","-","-"
"42",5,"Ladd McConkey",LAC,"WR19","7","4 out of 5","3 out of 5","2 out of 5 stars","+7","-2.1","43% (7/16)"
"43",5,"Joe Burrow",CIN,"QB4","6","4 out of 5","3 out of 5","3 out of 5 stars","+13","-0.9","57% (4/7)"
"44",5,"Davante Adams",LAR,"WR20","11","4 out of 5","4 out of 5","1 out of 5 stars","+11","+0.2","50% (7/14)"
"45",5,"Jaylen Waddle",DEN,"WR21","10","4 out of 5","3 out of 5","2 out of 5 stars","+5","-1.0","43% (7/16)"
"46",5,"Terry McLaurin",WAS,"WR22","7","4 out of 5","2 out of 5","2 out of 5 stars","+12","-0.6","33% (3/9)"
"47",5,"Jameson Williams",DET,"WR23","6","4 out of 5","3 out of 5","4 out of 5 stars","+10","+0.1","50% (8/16)"
"48",5,"Jayden Daniels",WAS,"QB5","7","4 out of 5","4 out of 5","2 out of 5 stars","+15","-","-"
"49",5,"Christian Watson",GB,"WR24","11","4 out of 5","4 out of 5","5 out of 5 stars","+18","+2.4","50% (5/10)"
"50",5,"Travis Etienne Jr.",NO,"RB18","8","4 out of 5","3 out of 5","3 out of 5 stars","-13","+2.2","62% (10/16)"
"51",5,"Garrett Wilson",NYJ,"WR25","13","4 out of 5","4 out of 5","4 out of 5 stars","-12","-","-"
"52",6,"Cam Skattebo",NYG,"RB19","8","4 out of 5","4 out of 5","4 out of 5 stars","-16","-","-"
"53",6,"Quinshon Judkins",CLE,"RB20","11","4 out of 5","4 out of 5","3 out of 5 stars","-13","-","-"
"54",6,"Bucky Irving",TB,"RB21","10","2 out of 5","4 out of 5","2 out of 5 stars","-19","-1.1","44% (4/9)"
"55",6,"D'Andre Swift",CHI,"RB22","10","3 out of 5","3 out of 5","2 out of 5 stars","-2","+2.1","60% (9/15)"
"56",6,"Jalen Hurts",PHI,"QB6","10","4 out of 5","3 out of 5","5 out of 5 stars","+14","-2.1","37% (6/16)"
"57",6,"Luther Burden III",CHI,"WR26","10","4 out of 5","4 out of 5","3 out of 5 stars","-16","+1.8","57% (8/14)"
"58",6,"David Montgomery",HOU,"RB23","8","4 out of 5","2 out of 5","4 out of 5 stars","-7","-0.1","43% (7/16)"
"59",6,"Rome Odunze",CHI,"WR27","10","4 out of 5","3 out of 5","3 out of 5 stars","+7","-1.6","46% (6/13)"
"60",6,"Mike Evans",SF,"WR28","8","4 out of 5","3 out of 5","2 out of 5 stars","+1","-2.7","28% (2/7)"
"61",6,"Tucker Kraft",GB,"TE4","11","4 out of 5","2 out of 5","2 out of 5 stars","+13","-","-"
"62",6,"DJ Moore",BUF,"WR29","7","4 out of 5","2 out of 5","4 out of 5 stars","-10","-0.5","31% (5/16)"
"63",6,"TreVeyon Henderson",NE,"RB24","11","4 out of 5","3 out of 5","2 out of 5 stars","-19","0.0","31% (5/16)"
"64",6,"Tyler Warren",IND,"TE5","13","4 out of 5","2 out of 5","3 out of 5 stars","-5","-0.4","50% (8/16)"
"65",6,"Bhayshul Tuten",JAC,"RB25","7","4 out of 5","3 out of 5","4 out of 5 stars","-17","-","-"
"66",6,"Caleb Williams",CHI,"QB7","10","5 out of 5","2 out of 5","3 out of 5 stars","+20","+1.2","62% (10/16)"
"67",6,"Jadarian Price",SEA,"RB26","11","4 out of 5","4 out of 5","4 out of 5 stars","+2","-","-"
"68",6,"Justin Herbert",LAC,"QB8","7","4 out of 5","2 out of 5","2 out of 5 stars","+22","0.0","37% (6/16)"
"69",7,"Marvin Harrison Jr.",ARI,"WR30","14","4 out of 5","4 out of 5","2 out of 5 stars","+16","-1.7","50% (6/12)"
"70",7,"Carnell Tate",TEN,"WR31","9","4 out of 5","2 out of 5","3 out of 5 stars","+1","-","-"
"71",7,"Brian Thomas Jr.",JAC,"WR32","7","3 out of 5","4 out of 5","4 out of 5 stars","+5","-2.4","30% (4/13)"
"72",7,"Parker Washington",JAC,"WR33","7","4 out of 5","3 out of 5","4 out of 5 stars","+5","+3.8","80% (12/15)"
"73",7,"Tony Pollard",TEN,"RB27","9","3 out of 5","2 out of 5","3 out of 5 stars","-1","0.0","25% (4/16)"
"74",7,"Jaylen Warren",PIT,"RB28","9","4 out of 5","4 out of 5","2 out of 5 stars","-14","-0.1","46% (7/15)"
"75",7,"Sam LaPorta",DET,"TE6","6","4 out of 5","3 out of 5","3 out of 5 stars","+12","+0.7","44% (4/9)"
"76",7,"DK Metcalf",PIT,"WR34","9","4 out of 5","4 out of 5","3 out of 5 stars","+8","-","-"
"77",7,"Trevor Lawrence",JAC,"QB9","7","5 out of 5","2 out of 5","4 out of 5 stars","+11","+3.9","75% (12/16)"
"78",7,"Dak Prescott",DAL,"QB10","14","4 out of 5","2 out of 5","2 out of 5 stars","+15","+1.9","68% (11/16)"
"79",7,"Rhamondre Stevenson",NE,"RB29","11","4 out of 5","3 out of 5","2 out of 5 stars","-14","+0.4","53% (7/13)"
"80",7,"Alec Pierce",IND,"WR35","13","4 out of 5","4 out of 5","4 out of 5 stars","+16","+2.5","64% (9/14)"
"81",7,"Rico Dowdle",PIT,"RB30","9","4 out of 5","4 out of 5","2 out of 5 stars","-13","+1.1","31% (5/16)"
"82",7,"Chuba Hubbard",CAR,"RB31","5","2 out of 5","4 out of 5","1 out of 5 stars","-1","-1.1","28% (4/14)"
"83",7,"J.K. Dobbins",DEN,"RB32","10","4 out of 5","4 out of 5","2 out of 5 stars","-4","0.0","50% (5/10)"
"84",7,"Courtland Sutton",DEN,"WR36","10","2 out of 5","4 out of 5","2 out of 5 stars","-2","0.0","50% (8/16)"
"85",7,"Harold Fannin Jr.",CLE,"TE7","11","4 out of 5","3 out of 5","3 out of 5 stars","-21","+2.0","56% (9/16)"
"86",7,"Blake Corum",LAR,"RB33","11","4 out of 5","4 out of 5","5 out of 5 stars","-3","+2.1","56% (9/16)"
"87",7,"Kyle Pitts Sr.",ATL,"TE8","11","4 out of 5","4 out of 5","3 out of 5 stars","-9","+1.7","50% (8/16)"
"88",7,"Jordyn Tyson",NO,"WR37","8","4 out of 5","4 out of 5","3 out of 5 stars","-8","-","-"
"89",7,"Quentin Johnston",LAC,"WR38","7","4 out of 5","4 out of 5","2 out of 5 stars","+22","+0.9","57% (8/14)"
"90",7,"Jaxson Dart",NYG,"QB11","8","4 out of 5","4 out of 5","4 out of 5 stars","+1","+2.2","64% (9/14)"
"91",7,"Kyle Monangai",CHI,"RB34","10","4 out of 5","4 out of 5","2 out of 5 stars","-18","+1.2","43% (7/16)"
"92",7,"Brock Purdy",SF,"QB12","8","4 out of 5","2 out of 5","1 out of 5 stars","+22","+4.6","87% (7/8)"
"93",7,"Chris Godwin Jr.",TB,"WR39","10","4 out of 5","4 out of 5","4 out of 5 stars","-4","+0.2","37% (3/8)"
"94",8,"Jacory Croskey-Merritt",WAS,"RB35","7","3 out of 5","4 out of 5","4 out of 5 stars","+4","-0.2","37% (6/16)"
"95",8,"Jordan Addison",MIN,"WR40","6","4 out of 5","3 out of 5","5 out of 5 stars","+8","-0.4","30% (4/13)"
"96",8,"Patrick Mahomes II",KC,"QB13","5","3 out of 5","4 out of 5","2 out of 5 stars","+11","-","-"
"97",8,"George Kittle",SF,"TE9","8","4 out of 5","4 out of 5","3 out of 5 stars","+7","+1.6","50% (5/10)"
"98",8,"Bo Nix",DEN,"QB14","10","4 out of 5","2 out of 5","3 out of 5 stars","+21","+1.0","50% (8/16)"
"99",8,"Michael Wilson",ARI,"WR41","14","-","-","2 out of 5 stars","-24","+2.4","68% (11/16)"
"100",8,"Jonathon Brooks",CAR,"RB36","5","4 out of 5","4 out of 5","1 out of 5 stars","+25","-","-"
"101",8,"Makai Lemon",PHI,"WR42","10","4 out of 5","3 out of 5","4 out of 5 stars","+96","-","-"
"102",8,"RJ Harvey",DEN,"RB37","10","2 out of 5","4 out of 5","2 out of 5 stars","-40","+2.0","50% (8/16)"
"103",8,"Jordan Mason",MIN,"RB38","6","2 out of 5","4 out of 5","4 out of 5 stars","-6","-1.0","33% (5/15)"
"104",8,"Matthew Stafford",LAR,"QB15","11","4 out of 5","3 out of 5","3 out of 5 stars","+16","+3.3","62% (10/16)"
"105",8,"Dalton Kincaid",BUF,"TE10","7","3 out of 5","4 out of 5","3 out of 5 stars","-6","+1.6","54% (6/11)"
"106",8,"Jared Goff",DET,"QB16","6","4 out of 5","2 out of 5","5 out of 5 stars","+20","+0.8","43% (7/16)"
"107",8,"Jayden Reed",GB,"WR43","11","4 out of 5","4 out of 5","5 out of 5 stars","+15","-1.9","33% (2/6)"
"108",8,"Travis Kelce",KC,"TE11","5","2 out of 5","3 out of 5","4 out of 5 stars","-7","+0.2","50% (8/16)"
"109",8,"Michael Pittman Jr.",PIT,"WR44","9","3 out of 5","4 out of 5","3 out of 5 stars","-4","-0.7","56% (9/16)"
"110",8,"Rachaad White",WAS,"RB39","7","4 out of 5","2 out of 5","4 out of 5 stars","+8","-1.2","37% (6/16)"
"111",8,"Dallas Goedert",PHI,"TE12","10","4 out of 5","4 out of 5","4 out of 5 stars","+5","+1.9","53% (8/15)"
"112",8,"Isaiah Likely",NYG,"TE13","8","4 out of 5","4 out of 5","3 out of 5 stars","-10","-1.9","23% (3/13)"
"113",8,"Kyler Murray",MIN,"QB17","6","4 out of 5","3 out of 5","5 out of 5 stars","+41","-","-"
"114",8,"Mark Andrews",BAL,"TE14","13","4 out of 5","4 out of 5","4 out of 5 stars","-6","-1.1","25% (4/16)"
"115",8,"Jakobi Meyers",JAC,"WR45","7","2 out of 5","2 out of 5","4 out of 5 stars","-21","-1.4","33% (5/15)"
"116",8,"Kenny Gainwell",TB,"RB40","10","4 out of 5","3 out of 5","2 out of 5 stars","-21","+2.4","43% (7/16)"
"117",8,"Aaron Jones Sr.",MIN,"RB41","6","1 out of 5","4 out of 5","4 out of 5 stars","-17","-1.3","33% (4/12)"
"118",8,"Xavier Worthy",KC,"WR46","5","4 out of 5","4 out of 5","2 out of 5 stars","+12","-3.4","14% (2/14)"
"119",8,"Chris Rodriguez Jr.",JAC,"RB42","7","3 out of 5","4 out of 5","4 out of 5 stars","+30","+1.8","58% (7/12)"
"120",8,"Baker Mayfield",TB,"QB18","10","3 out of 5","4 out of 5","2 out of 5 stars","+22","-0.9","56% (9/16)"
"121",8,"Josh Downs",IND,"WR47","13","4 out of 5","4 out of 5","4 out of 5 stars","-11","-0.5","46% (7/15)"
"122",8,"Jordan Love",GB,"QB19","11","4 out of 5","3 out of 5","4 out of 5 stars","+18","-1.2","46% (7/15)"
"123",8,"Jayden Higgins",HOU,"WR48","8","4 out of 5","2 out of 5","3 out of 5 stars","+18","+0.4","50% (8/16)"
"124",8,"Tyler Shough",NO,"QB20","8","4 out of 5","2 out of 5","3 out of 5 stars","+24","+1.6","46% (7/15)"
"125",8,"Wan'Dale Robinson",TEN,"WR49","9","3 out of 5","3 out of 5","3 out of 5 stars","-33","+1.1","43% (7/16)"
"126",9,"Jake Ferguson",DAL,"TE15","14","2 out of 5","4 out of 5","2 out of 5 stars","-20","+0.3","50% (8/16)"
"127",9,"Romeo Doubs",NE,"WR50","11","4 out of 5","3 out of 5","2 out of 5 stars","0","-0.4","43% (7/16)"
"128",9,"Tyrone Tracy Jr.",NYG,"RB43","8","4 out of 5","3 out of 5","4 out of 5 stars","-7","-0.5","35% (5/14)"
"129",9,"Tyler Allgeier",ARI,"RB44","14","3 out of 5","4 out of 5","2 out of 5 stars","-20","+1.0","56% (9/16)"
"130",9,"Matthew Golden",GB,"WR51","11","4 out of 5","4 out of 5","5 out of 5 stars","+34","-2.6","23% (3/13)"
"131",9,"Zach Charbonnet",SEA,"RB45","11","3 out of 5","4 out of 5","4 out of 5 stars","-19","+1.9","60% (9/15)"
"132",9,"Stefon Diggs",WAS,"WR52","7","4 out of 5","2 out of 5","2 out of 5 stars","-9","+0.1","50% (8/16)"
"133",9,"Woody Marks",HOU,"RB46","8","3 out of 5","4 out of 5","4 out of 5 stars","-20","+0.1","40% (6/15)"
"134",9,"Jalen Coker",CAR,"WR53","5","3 out of 5","3 out of 5","2 out of 5 stars","+10","+0.5","40% (4/10)"
"135",9,"Malik Willis",MIA,"QB21","6","4 out of 5","4 out of 5","3 out of 5 stars","+17","+1.8","26% (4/15)"
"136",9,"KC Concepcion",CLE,"WR54","11","4 out of 5","3 out of 5","3 out of 5 stars","+3","-","-"
"137",9,"Rashid Shaheed",SEA,"WR55","11","4 out of 5","4 out of 5","3 out of 5 stars","+25","-0.4","41% (7/17)"
"138",9,"Isiah Pacheco",DET,"RB47","6","3 out of 5","4 out of 5","5 out of 5 stars","+20","-1.9","30% (4/13)"
"139",9,"Khalil Shakir",BUF,"WR56","7","2 out of 5","4 out of 5","4 out of 5 stars","-2","-1.1","37% (6/16)"
"140",9,"C.J. Stroud",HOU,"QB22","8","3 out of 5","4 out of 5","4 out of 5 stars","+31","-0.9","38% (5/13)"
"141",9,"Deebo Samuel Sr.",SF,"WR57","8","3 out of 5","4 out of 5","2 out of 5 stars","+2","-0.7","46% (7/15)"
"142",9,"Sam Darnold",SEA,"QB23","11","2 out of 5","4 out of 5","4 out of 5 stars","+28","-0.3","56% (9/16)"
"143",9,"Tank Bigsby",PHI,"RB48","10","4 out of 5","3 out of 5","4 out of 5 stars","+20","+0.2","31% (5/16)"
"144",9,"Keaton Mitchell",LAC,"RB49","7","4 out of 5","3 out of 5","3 out of 5 stars","+11","+0.4","50% (6/12)"
"145",9,"Brian Robinson Jr.",ATL,"RB50","11","1 out of 5","4 out of 5","2 out of 5 stars","-30","-0.6","25% (4/16)"
"146",9,"Juwan Johnson",NO,"TE16","8","3 out of 5","4 out of 5","2 out of 5 stars","-29","+1.1","50% (8/16)"
"147",9,"Alvin Kamara",NO,"RB51","8","2 out of 5","4 out of 5","3 out of 5 stars","-19","-4.1","18% (2/11)"
"148",9,"Hunter Henry",NE,"TE17","11","2 out of 5","3 out of 5","4 out of 5 stars","-24","+0.5","43% (7/16)"
"149",9,"Brenton Strange",JAC,"TE18","7","4 out of 5","3 out of 5","3 out of 5 stars","-18","+0.2","54% (6/11)"
"150",9,"Tyjae Spears",TEN,"RB52","9","3 out of 5","4 out of 5","3 out of 5 stars","-18","-0.2","25% (3/12)"
"151",9,"Cam Ward",TEN,"QB24","9","4 out of 5","4 out of 5","3 out of 5 stars","+39","-0.6","50% (8/16)"
"152",9,"Dylan Sampson",CLE,"RB53","11","4 out of 5","2 out of 5","3 out of 5 stars","-1","+0.5","42% (6/14)"
"153",9,"Oronde Gadsden II",LAC,"TE19","7","2 out of 5","4 out of 5","4 out of 5 stars","-20","+0.8","42% (6/14)"
"154",9,"Chig Okonkwo",WAS,"TE20","7","4 out of 5","3 out of 5","1 out of 5 stars","-8","+0.2","50% (8/16)"
"155",9,"Houston Texans",HOU,"DST1","8","-","-","2 out of 5 stars","-20","+2.2","62% (10/16)"
"156",9,"Daniel Jones",IND,"QB25","13","4 out of 5","4 out of 5","4 out of 5 stars","+42","-","-"
"157",10,"Jonah Coleman",DEN,"RB54","10","3 out of 5","4 out of 5","2 out of 5 stars","-23","-","-"
"158",10,"Jauan Jennings",MIN,"WR58","6","2 out of 5","4 out of 5","5 out of 5 stars","-5","+1.0","50% (7/14)"
"159",10,"Denzel Boston",CLE,"WR59","11","4 out of 5","4 out of 5","3 out of 5 stars","+10","-","-"
"160",10,"Jerry Jeudy",CLE,"WR60","11","2 out of 5","4 out of 5","3 out of 5 stars","+12","-2.2","18% (3/16)"
"161",10,"Braelon Allen",NYJ,"RB55","13","2 out of 5","4 out of 5","3 out of 5 stars","+7","-1.2","50% (2/4)"
"162",10,"Adonai Mitchell",NYJ,"WR61","13","4 out of 5","4 out of 5","4 out of 5 stars","+38","0.0","28% (4/14)"
"163",10,"Jalen McMillan",TB,"WR62","10","4 out of 5","4 out of 5","4 out of 5 stars","+15","+5.0","100% (3/3)"
"164",10,"Denver Broncos",DEN,"DST2","10","-","-","4 out of 5 stars","-8","0.0","56% (9/16)"
"165",10,"De'Zhaun Stribling",SF,"WR63","8","3 out of 5","4 out of 5","2 out of 5 stars","+37","-","-"
"166",10,"Seattle Seahawks",SEA,"DST3","11","-","-","2 out of 5 stars","-19","+3.8","68% (11/16)"
"167",10,"Omar Cooper Jr.",NYJ,"WR64","13","4 out of 5","4 out of 5","4 out of 5 stars","+6","-","-"
"168",10,"Bryce Young",CAR,"QB26","5","2 out of 5","4 out of 5","2 out of 5 stars","+35","-0.4","40% (6/15)"
"169",10,"Los Angeles Rams",LAR,"DST4","11","-","-","2 out of 5 stars","-33","+0.8","56% (9/16)"
"170",10,"Tre Tucker",LV,"WR65","13","4 out of 5","2 out of 5","2 out of 5 stars","+42","+0.2","37% (6/16)"
"171",10,"Kimani Vidal",LAC,"RB56","7","1 out of 5","4 out of 5","3 out of 5 stars","+12","+0.4","45% (5/11)"
"172",10,"Travis Hunter",JAC,"WR66","7","3 out of 5","4 out of 5","4 out of 5 stars","+14","-","-"
"173",10,"Philadelphia Eagles",PHI,"DST5","10","-","-","0 out of 5 stars","-13","+1.1","50% (8/16)"
"174",10,"Ray Davis",BUF,"RB57","7","4 out of 5","4 out of 5","2 out of 5 stars","+33","-0.3","31% (5/16)"
"175",10,"Tre' Harris",LAC,"WR67","7","4 out of 5","3 out of 5","2 out of 5 stars","+40","-0.4","37% (6/16)"
"176",10,"Emmett Johnson",KC,"RB58","5","4 out of 5","4 out of 5","3 out of 5 stars","-11","-","-"
"177",10,"Emanuel Wilson",SEA,"RB59","11","3 out of 5","4 out of 5","4 out of 5 stars","+48","+0.8","37% (6/16)"
"178",10,"Jalen Nailor",LV,"WR68","13","-","-","2 out of 5 stars","+9","-0.2","31% (5/16)"
"179",10,"Sean Tucker",TB,"RB60","10","3 out of 5","4 out of 5","2 out of 5 stars","+2","+1.4","43% (7/16)"
"180",10,"AJ Barner",SEA,"TE21","11","4 out of 5","2 out of 5","3 out of 5 stars","0","+1.7","50% (8/16)"
"181",10,"Pittsburgh Steelers",PIT,"DST6","9","-","-","5 out of 5 stars","+36","+0.7","50% (8/16)"
"182",10,"Kayshon Boutte",NE,"WR69","11","3 out of 5","4 out of 5","2 out of 5 stars","-8","+0.8","46% (6/13)"
"183",10,"New England Patriots",NE,"DST7","11","-","-","3 out of 5 stars","-8","+0.8","43% (7/16)"
"184",10,"Jacksonville Jaguars",JAC,"DST8","7","-","-","3 out of 5 stars","+12","+1.9","81% (13/16)"
"185",10,"Minnesota Vikings",MIN,"DST9","6","-","-","1 out of 5 stars","-3","+1.2","37% (6/16)"
"186",10,"Brandon Aubrey",DAL,"K1","14","5 out of 5","1 out of 5","2 out of 5 stars","-57","+3.1","68% (11/16)"
"187",10,"Mike Washington Jr.",LV,"RB61","13","3 out of 5","4 out of 5","2 out of 5 stars","-21","-","-"
"188",10,"Ryan Flournoy",DAL,"WR70","14","4 out of 5","2 out of 5","2 out of 5 stars","+61","+3.2","66% (8/12)"
"189",10,"Los Angeles Chargers",LAC,"DST10","7","-","-","3 out of 5 stars","+37","-0.4","37% (6/16)"
"190",10,"Calvin Ridley",TEN,"WR71","9","2 out of 5","4 out of 5","3 out of 5 stars","-11","-","-"
"191",10,"Dalton Schultz",HOU,"TE22","8","3 out of 5","2 out of 5","4 out of 5 stars","-46","+0.9","56% (9/16)"
"192",10,"Terrance Ferguson",LAR,"TE23","11","4 out of 5","4 out of 5","4 out of 5 stars","-1","+1.4","42% (6/14)"
"193",10,"Nicholas Singleton",TEN,"RB62","9","3 out of 5","4 out of 5","3 out of 5 stars","-4","-","-"
"194",10,"Cameron Dicker",LAC,"K2","7","5 out of 5","1 out of 5","2 out of 5 stars","-33","+2.5","75% (12/16)"
"195",10,"Dontayvion Wicks",PHI,"WR72","10","3 out of 5","4 out of 5","4 out of 5 stars","+66","-0.5","35% (5/14)"
"196",10,"Rashod Bateman",BAL,"WR73","13","3 out of 5","4 out of 5","4 out of 5 stars","+95","-2.5","23% (3/13)"
"197",10,"Ka'imi Fairbairn",HOU,"K3","8","5 out of 5","1 out of 5","2 out of 5 stars","-21","+4.8","92% (13/14)"
"198",10,"Cam Little",JAC,"K4","7","-","-","4 out of 5 stars","-21","+2.0","68% (11/16)"
"199",10,"Kenyon Sadiq",NYJ,"TE24","13","3 out of 5","4 out of 5","4 out of 5 stars","-61","-","-"
"200",10,"Baltimore Ravens",BAL,"DST11","13","-","-","5 out of 5 stars","-5","-0.3","56% (9/16)"
"201",10,"MarShawn Lloyd",GB,"RB63","11","4 out of 5","4 out of 5","4 out of 5 stars","+31","-","-"
"202",10,"James Conner",ARI,"RB64","14","3 out of 5","4 out of 5","2 out of 5 stars","-43","-","-"
"203",11,"Jason Myers",SEA,"K5","11","4 out of 5","1 out of 5","4 out of 5 stars","-36","+4.5","87% (14/16)"
"204",11,"Green Bay Packers",GB,"DST12","11","-","-","2 out of 5 stars","+35","-2.0","31% (5/16)"
"205",11,"Kaytron Allen",WAS,"RB65","7","2 out of 5","4 out of 5","4 out of 5 stars","0","-","-"
"206",11,"Jacoby Brissett",ARI,"QB27","14","3 out of 5","4 out of 5","2 out of 5 stars","+8","+2.5","60% (9/15)"
"207",11,"Isaac TeSlaa",DET,"WR74","6","3 out of 5","4 out of 5","4 out of 5 stars","+17","+1.1","43% (7/16)"
"208",11,"Troy Franklin",DEN,"WR75","10","1 out of 5","5 out of 5","2 out of 5 stars","+46","+1.0","50% (8/16)"
"209",11,"Tyler Loop",BAL,"K6","13","-","-","3 out of 5 stars","-24","+1.1","56% (9/16)"
"210",11,"Eddy Pineiro",SF,"K7","8","4 out of 5","2 out of 5","5 out of 5 stars","+13","+3.1","69% (9/13)"
"211",11,"Pat Bryant",DEN,"WR76","10","-","-","2 out of 5 stars","+35","+0.3","35% (5/14)"
"212",11,"Kansas City Chiefs",KC,"DST13","5","-","-","3 out of 5 stars","+50","-1.3","31% (5/16)"
"213",11,"T.J. Hockenson",MIN,"TE25","6","3 out of 5","4 out of 5","4 out of 5 stars","-63","-1.1","40% (6/15)"
"214",11,"Darnell Mooney",NYG,"WR77","8","4 out of 5","4 out of 5","4 out of 5 stars","+43","-2.9","14% (2/14)"
"215",11,"Jaydon Blue",DAL,"RB66","14","4 out of 5","4 out of 5","4 out of 5 stars","-7","-3.3","0% (0/4)"
"216",11,"Jaylin Noel",HOU,"WR78","8","4 out of 5","3 out of 5","3 out of 5 stars","+62","+0.6","37% (6/16)"
"217",11,"Malik Washington",MIA,"WR79","6","3 out of 5","4 out of 5","3 out of 5 stars","+21","-1.1","31% (5/16)"
"218",11,"Tank Dell",HOU,"WR80","8","4 out of 5","4 out of 5","3 out of 5 stars","-14","-","-"
"219",11,"Detroit Lions",DET,"DST14","6","-","-","5 out of 5 stars","+16","-1.2","31% (5/16)"
"220",11,"Cairo Santos",CHI,"K8","10","-","-","0 out of 5 stars","+39","+2.0","71% (10/14)"
"221",11,"Jaylen Wright",MIA,"RB67","6","-","-","3 out of 5 stars","0","+2.3","54% (6/11)"
"222",11,"Evan McPherson",CIN,"K9","6","4 out of 5","2 out of 5","2 out of 5 stars","+57","+1.3","56% (9/16)"
"223",11,"Ollie Gordon II",MIA,"RB68","6","3 out of 5","4 out of 5","3 out of 5 stars","+107","-0.6","25% (4/16)"
"224",11,"Pat Freiermuth",PIT,"TE26","9","3 out of 5","3 out of 5","2 out of 5 stars","+39","+0.9","37% (6/16)"
"225",11,"Jake Bates",DET,"K10","6","-","-","5 out of 5 stars","-19","+0.7","43% (7/16)"
"226",11,"Gunnar Helm",TEN,"TE27","9","3 out of 5","4 out of 5","3 out of 5 stars","-42","+0.6","50% (8/16)"
"227",11,"Antonio Williams",WAS,"WR81","7","4 out of 5","2 out of 5","2 out of 5 stars","-14","-","-"
"228",11,"Chase McLaughlin",TB,"K11","10","-","-","3 out of 5 stars","+20","+1.4","56% (9/16)"
"229",11,"Andy Borregales",NE,"K12","11","-","-","1 out of 5 stars","-19","+1.3","50% (8/16)"
"230",11,"Zachariah Branch",ATL,"WR82","11","3 out of 5","4 out of 5","3 out of 5 stars","-14","-","-"
"231",11,"Buffalo Bills",BUF,"DST15","7","-","-","3 out of 5 stars","+36","-0.3","25% (4/16)"
"232",11,"Cooper Kupp",SEA,"WR83","11","4 out of 5","4 out of 5","3 out of 5 stars","+33","-1.5","40% (6/15)"
"233",11,"Cleveland Browns",CLE,"DST16","11","-","-","5 out of 5 stars","+62","0.0","37% (6/16)"
"234",11,"Geno Smith",NYJ,"QB28","13","2 out of 5","4 out of 5","4 out of 5 stars","+6","-1.5","40% (6/15)"
"235",11,"Aaron Rodgers",PIT,"QB29","9","1 out of 5","4 out of 5","2 out of 5 stars","-1","-0.5","53% (8/15)"
"236",11,"Harrison Mevis",LAR,"K13","11","-","-","2 out of 5 stars","-42","+0.6","50% (4/8)"
"237",11,"David Njoku",LAC,"TE28","7","4 out of 5","4 out of 5","4 out of 5 stars","-80","-1.1","33% (4/12)"
"238",11,"Elic Ayomanor",TEN,"WR84","9","1 out of 5","5 out of 5","3 out of 5 stars","+32","-0.7","33% (5/15)"
"239",11,"Cade Otton",TB,"TE29","10","2 out of 5","4 out of 5","2 out of 5 stars","-51","-1.4","33% (5/15)"
"240",11,"Chimere Dike",TEN,"WR85","9","1 out of 5","5 out of 5","3 out of 5 stars","+20","+0.3","37% (6/16)"
"241",11,"Greg Dulcich",MIA,"TE30","6","4 out of 5","3 out of 5","5 out of 5 stars","+1","+1.9","66% (6/9)"
"242",11,"Demond Claiborne",MIN,"RB69","6","3 out of 5","4 out of 5","4 out of 5 stars","-22","-","-"
"243",12,"Harrison Butker",KC,"K14","5","-","-","5 out of 5 stars","-24","+0.7","50% (8/16)"
"244",12,"George Holani",SEA,"RB70","11","3 out of 5","3 out of 5","4 out of 5 stars","+9","+0.4","22% (2/9)"
"245",12,"Chris Boswell",PIT,"K15","9","-","-","4 out of 5 stars","-27","+1.3","62% (10/16)"
"246",12,"Keon Coleman",BUF,"WR86","7","2 out of 5","4 out of 5","4 out of 5 stars","+53","-1.5","25% (3/12)"
"247",12,"Germie Bernard",PIT,"WR87","9","2 out of 5","4 out of 5","3 out of 5 stars","+34","-","-"
"248",12,"Jordan James",SF,"RB71","8","3 out of 5","4 out of 5","2 out of 5 stars","+21","-0.8","0% (0/1)"
"249",12,"Colby Parkinson",LAR,"TE31","11","-","-","4 out of 5 stars","-56","+2.9","64% (9/14)"
"250",12,"Tory Horton",SEA,"WR88","11","4 out of 5","4 out of 5","3 out of 5 stars","+22","+1.3","50% (4/8)"
"251",12,"Evan Engram",DEN,"TE32","10","-","-","4 out of 5 stars","+39","-1.4","26% (4/15)"
"252",12,"Kaelon Black",SF,"RB72","8","3 out of 5","4 out of 5","2 out of 5 stars","-5","-","-"
"253",12,"Justice Hill",BAL,"RB73","13","-","-","3 out of 5 stars","-23","+0.2","40% (4/10)"
"254",12,"Isaiah Davis",NYJ,"RB74","13","2 out of 5","4 out of 5","3 out of 5 stars","+90","-0.1","37% (6/16)"
"255",12,"Tyquan Thornton",KC,"WR89","5","3 out of 5","4 out of 5","2 out of 5 stars","+86","-","-"
"256",12,"Malik Davis",DAL,"RB75","14","-","-","4 out of 5 stars","-","+2.0","57% (4/7)"
"257",12,"Eli Stowers",PHI,"TE33","10","4 out of 5","4 out of 5","4 out of 5 stars","-56","-","-"
"258",12,"Elijah Sarratt",BAL,"WR90","13","4 out of 5","4 out of 5","4 out of 5 stars","+36","-","-"
"259",12,"Ty Johnson",BUF,"RB76","7","-","-","2 out of 5 stars","-3","+0.6","37% (6/16)"
"260",12,"Chris Brooks",GB,"RB77","11","2 out of 5","4 out of 5","4 out of 5 stars","+73","-0.6","25% (4/16)"
"261",12,"Jack Bech",LV,"WR91","13","3 out of 5","4 out of 5","2 out of 5 stars","+40","-1.1","40% (6/15)"
"262",12,"Fernando Mendoza",LV,"QB30","13","4 out of 5","3 out of 5","1 out of 5 stars","-53","-","-"
"263",12,"Ted Hurst III",TB,"WR92","10","4 out of 5","4 out of 5","4 out of 5 stars","+13","-","-"
"264",12,"Christian Kirk",SF,"WR93","8","2 out of 5","4 out of 5","2 out of 5 stars","+9","-2.3","25% (3/12)"
"265",12,"Ja'Kobi Lane",BAL,"WR94","13","3 out of 5","4 out of 5","4 out of 5 stars","-66","-","-"
"266",12,"Theo Johnson",NYG,"TE34","8","1 out of 5","5 out of 5","3 out of 5 stars","-39","+0.2","46% (7/15)"
"267",12,"Malachi Fields",NYG,"WR95","8","4 out of 5","4 out of 5","4 out of 5 stars","-38","-","-"
"268",12,"Chris Bell",MIA,"WR96","6","3 out of 5","4 out of 5","3 out of 5 stars","+28","-","-"
"269",12,"Samaje Perine",CIN,"RB78","6","2 out of 5","5 out of 5","2 out of 5 stars","+31","0.0","42% (6/14)"
"270",12,"DJ Giddens",IND,"RB79","13","2 out of 5","4 out of 5","4 out of 5 stars","+68","-0.6","28% (2/7)"
"271",12,"Tua Tagovailoa",ATL,"QB31","11","2 out of 5","4 out of 5","4 out of 5 stars","-34","-1.9","35% (5/14)"
"272",12,"Will Reichard",MIN,"K16","6","-","-","2 out of 5 stars","-41","+2.1","68% (11/16)"
"273",12,"Darius Slayton",NYG,"WR97","8","3 out of 5","4 out of 5","4 out of 5 stars","-","-1.2","38% (5/13)"
"274",12,"Wil Lutz",DEN,"K17","10","-","-","1 out of 5 stars","-38","+0.1","56% (9/16)"
"275",12,"Marvin Mims Jr.",DEN,"WR98","10","4 out of 5","4 out of 5","2 out of 5 stars","+9","-0.5","42% (6/14)"
"276",12,"Trey Benson",ARI,"RB80","14","2 out of 5","4 out of 5","2 out of 5 stars","-65","-","-"
"277",12,"Mason Taylor",NYJ,"TE35","13","1 out of 5","4 out of 5","4 out of 5 stars","-55","-0.8","30% (4/13)"
"278",12,"Devin Neal",NO,"RB81","8","2 out of 5","4 out of 5","3 out of 5 stars","-27","-","-"
"279",12,"Xavier Legette",CAR,"WR99","5","2 out of 5","4 out of 5","2 out of 5 stars","+32","-0.5","28% (4/14)"
"280",12,"Atlanta Falcons",ATL,"DST17","11","-","-","4 out of 5 stars","+29","+0.4","43% (7/16)"
"281",12,"Emari Demercado",KC,"RB82","5","1 out of 5","5 out of 5","3 out of 5 stars","+61","-1.1","27% (3/11)"
"282",12,"San Francisco 49ers",SF,"DST18","8","-","-","3 out of 5 stars","+4","-1.3","43% (7/16)"
"283",12,"Devaughn Vele",NO,"WR100","8","-","-","3 out of 5 stars","+15","-","-"
"284",12,"Mike Gesicki",CIN,"TE36","6","-","-","3 out of 5 stars","+20","-0.6","25% (3/12)"
"285",12,"Kaleb Johnson",PIT,"RB83","9","2 out of 5","5 out of 5","2 out of 5 stars","-27","-1.3","21% (3/14)"
"286",12,"Devin Singletary",NYG,"RB84","8","-","-","4 out of 5 stars","-3","+1.2","50% (8/16)"
"287",12,"Brandon Aiyuk",SF,"WR101","8","2 out of 5","5 out of 5","2 out of 5 stars","-54","-","-"
"288",12,"Adam Randall",BAL,"RB85","13","3 out of 5","4 out of 5","3 out of 5 stars","+51","-","-"
"289",12,"Kyle Williams",NE,"WR102","11","-","-","2 out of 5 stars","0","-0.1","31% (5/16)"
"290",12,"Kendre Miller",NO,"RB86","8","2 out of 5","4 out of 5","3 out of 5 stars","-24","-","-"
"291",12,"Seth McGowan",IND,"RB87","13","-","-","4 out of 5 stars","+52","-","-"
"292",12,"Michael Penix Jr.",ATL,"QB32","11","2 out of 5","5 out of 5","4 out of 5 stars","-51","-","-"
"293",12,"Oscar Delp",NO,"TE37","8","4 out of 5","4 out of 5","2 out of 5 stars","-","-","-"
"294",12,"Hollywood Brown",PHI,"WR103","10","-","-","4 out of 5 stars","+21","+0.3","60% (9/15)"
"295",12,"LeQuint Allen Jr.",JAC,"RB88","7","2 out of 5","4 out of 5","4 out of 5 stars","+2","-0.4","37% (6/16)"
"296",12,"Keenan Allen",LAC,"WR104","7","2 out of 5","4 out of 5","2 out of 5 stars","-11","-1.4","25% (4/16)"
"297",12,"Shedeur Sanders",CLE,"QB33","11","3 out of 5","4 out of 5","4 out of 5 stars","-54","+1.6","30% (3/10)"
"298",12,"Brashard Smith",KC,"RB89","5","-","-","3 out of 5 stars","-30","-0.3","37% (6/16)"
"299",12,"Kirk Cousins",LV,"QB34","13","2 out of 5","4 out of 5","1 out of 5 stars","-44","-0.1","33% (5/15)"
"300",12,"Caleb Douglas",MIA,"WR105","6","-","-","3 out of 5 stars","+3","-","-"
"301",13,"Tyreek Hill",FA,"WR106","-","1 out of 5","5 out of 5","-","-109","-","-"
"302",13,"Deshaun Watson",CLE,"QB35","11","1 out of 5","5 out of 5","4 out of 5 stars","-31","-","-"
"303",13,"Najee Harris",LAC,"RB90","7","1 out of 5","5 out of 5","3 out of 5 stars","-51","-","-"
"304",13,"Mack Hollins",NE,"WR107","11","-","-","2 out of 5 stars","-","+1.1","60% (9/15)"
"305",13,"Jake Tonges",SF,"TE38","8","-","-","3 out of 5 stars","-77","+1.0","42% (6/14)"
"306",13,"New Orleans Saints",NO,"DST19","8","-","-","5 out of 5 stars","+2","+1.1","50% (8/16)"
"307",13,"Skyler Bell",BUF,"WR108","7","-","-","4 out of 5 stars","+28","-","-"
"308",13,"Jerome Ford",WAS,"RB91","7","-","-","4 out of 5 stars","+23","-","-"
"309",13,"Indianapolis Colts",IND,"DST20","13","-","-","5 out of 5 stars","-2","+0.1","37% (6/16)"
"310",13,"Trevor Etienne",CAR,"RB92","5","-","-","1 out of 5 stars","-","-0.7","20% (3/15)"
"311",13,"Isaac Guerendo",SF,"RB93","8","-","-","2 out of 5 stars","-","-1.3","0% (0/13)"
"312",13,"Cyrus Allen",KC,"WR109","5","-","-","2 out of 5 stars","-25","-","-"
"313",13,"Isaiah Bond",CLE,"WR110","11","-","-","3 out of 5 stars","-","-0.8","33% (5/15)"
"314",13,"Andrei Iosivas",CIN,"WR111","6","-","-","4 out of 5 stars","-12","-0.1","37% (6/16)"
"315",13,"Charlie Smyth",NO,"K18","8","-","-","5 out of 5 stars","+7","+4.2","60% (3/5)"
"316",13,"Tahj Brooks",CIN,"RB94","6","-","-","2 out of 5 stars","-","-0.8","8% (1/12)"
"317",13,"Chicago Bears",CHI,"DST21","10","-","-","2 out of 5 stars","-29","+0.3","43% (7/16)"
"318",13,"Jarquez Hunter",LAR,"RB95","11","-","-","5 out of 5 stars","-36","-0.8","0% (0/4)"
"319",13,"Darnell Washington",PIT,"TE39","9","-","-","2 out of 5 stars","+15","+0.5","43% (7/16)"
"320",13,"Jaleel McLaughlin",DEN,"RB96","10","-","-","2 out of 5 stars","-","-0.9","14% (1/7)"
"321",13,"Audric Estime",NO,"RB97","8","-","-","3 out of 5 stars","-44","+1.0","33% (2/6)"
"322",13,"Jalen Tolbert",MIA,"WR112","6","-","-","3 out of 5 stars","-48","-0.3","36% (4/11)"
"323",13,"Luke McCaffrey",WAS,"WR113","7","-","-","2 out of 5 stars","-","+0.3","55% (5/9)"
"324",13,"Will Shipley",PHI,"RB98","10","-","-","4 out of 5 stars","-","-0.6","14% (2/14)"
"325",13,"Tez Johnson",TB,"WR114","10","-","-","4 out of 5 stars","-","+0.8","42% (6/14)"
"326",13,"Kareem Hunt",FA,"RB99","-","-","-","-","-34","+0.4","37% (6/16)"
"327",13,"Chris Brazzell II",CAR,"WR115","5","-","-","2 out of 5 stars","-","-","-"
"328",13,"Elijah Arroyo",SEA,"TE40","11","-","-","3 out of 5 stars","-","-","-"
"329",13,"Joe Mixon",FA,"RB100","-","-","-","-","-85","-","-"
"330",13,"Cedric Tillman",CLE,"WR116","11","-","-","3 out of 5 stars","-","-2.0","33% (4/12)"
"331",13,"Tyler Higbee",LAR,"TE41","11","-","-","4 out of 5 stars","-","-0.4","40% (4/10)"
"332",13,"J.J. McCarthy",MIN,"QB36","6","-","-","5 out of 5 stars","-68","-1.0","55% (5/9)"
"333",13,"Konata Mumpfield",LAR,"WR117","11","-","-","1 out of 5 stars","-","-0.6","20% (3/15)"
"334",13,"Michael Mayer",LV,"TE42","13","-","-","3 out of 5 stars","-13","-0.5","33% (4/12)"
"335",13,"Calvin Austin III",NYG,"WR118","8","-","-","4 out of 5 stars","-","-1.7","30% (4/13)"
"336",13,"Cole Kmet",CHI,"TE43","10","-","-","2 out of 5 stars","-","+0.2","46% (7/15)"
"337",13,"Max Klare",LAR,"TE44","11","-","-","4 out of 5 stars","-32","-","-"
"338",13,"Jahan Dotson",ATL,"WR119","11","-","-","3 out of 5 stars","-2","-0.6","25% (4/16)"
"339",13,"DeMario Douglas",NE,"WR120","11","-","-","2 out of 5 stars","-","-0.8","25% (4/16)"
"340",13,"Jalen Royals",KC,"WR121","5","-","-","2 out of 5 stars","-","-1.9","0% (0/4)"
"341",14,"Ja'Tavion Sanders",CAR,"TE45","5","-","-","2 out of 5 stars","-16","-1.1","30% (4/13)"
"342",14,"Noah Gray",KC,"TE46","5","-","-","4 out of 5 stars","-","-1.2","33% (5/15)"
"343",14,"Dawson Knox",BUF,"TE47","7","-","-","3 out of 5 stars","-","+1.4","56% (9/16)"
"344",14,"Carson Beck",ARI,"QB37","14","-","-","2 out of 5 stars","-64","-","-"
"345",14,"Joshua Palmer",BUF,"WR122","7","-","-","4 out of 5 stars","-","-1.7","18% (2/11)"
"346",14,"Olamide Zaccheaus",ATL,"WR123","11","-","-","3 out of 5 stars","-","-0.6","40% (6/15)"
"347",14,"Dallas Cowboys",DAL,"DST22","14","-","-","1 out of 5 stars","-102","-3.1","25% (4/16)"
"348",14,"Treylon Burks",WAS,"WR124","7","-","-","2 out of 5 stars","-","-0.5","50% (3/6)"
"349",14,"Mac Jones",SF,"QB38","8","-","-","1 out of 5 stars","-","+0.7","26% (4/15)"
"350",14,"Carolina Panthers",CAR,"DST23","5","-","-","3 out of 5 stars","-36","+1.0","43% (7/16)"
"351",14,"Brenen Thompson",LAC,"WR125","7","-","-","2 out of 5 stars","-11","-","-"
"352",14,"Kendrick Bourne",ARI,"WR126","14","-","-","2 out of 5 stars","-","-0.4","33% (5/15)"
"353",14,"Eli Raridon",NE,"TE48","11","-","-","4 out of 5 stars","-16","-","-"
"354",14,"Michael Carter",TEN,"RB101","9","-","-","3 out of 5 stars","-","+0.3","50% (5/10)"
"355",14,"Eli Heidenreich",PIT,"RB102","9","-","-","2 out of 5 stars","-","-","-"
"356",14,"Bryce Lance",NO,"WR127","8","-","-","3 out of 5 stars","-","-","-"
"357",14,"Tyler Bass",BUF,"K19","7","-","-","2 out of 5 stars","-45","-","-"
"358",14,"Darren Waller",CAR,"TE49","5","-","-","2 out of 5 stars","-","+1.4","33% (3/9)"
"359",14,"Erick All Jr.",CIN,"TE50","6","-","-","3 out of 5 stars","-","-","-"
"360",14,"Bam Knight",ARI,"RB103","14","-","-","2 out of 5 stars","-","-","-"
"361",14,"Justin Fields",KC,"QB39","5","-","-","2 out of 5 stars","-","-","-"
"362",14,"Justin Joly",DEN,"TE51","10","-","-","4 out of 5 stars","-","-","-"
"363",14,"Tampa Bay Buccaneers",TB,"DST24","10","-","-","4 out of 5 stars","-50","-0.7","25% (4/16)"
"364",14,"Jake Elliott",PHI,"K20","10","-","-","5 out of 5 stars","-71","-0.4","37% (6/16)"
"365",14,"Ty Simpson",LAR,"QB40","11","-","-","3 out of 5 stars","-42","-","-"
"366",14,"New York Giants",NYG,"DST25","8","-","-","1 out of 5 stars","-116","-1.8","25% (4/16)"
"367",14,"Jawhar Jordan",HOU,"RB104","8","-","-","4 out of 5 stars","-","+0.1","50% (1/2)"
"368",14,"Savion Williams",GB,"WR128","11","-","-","5 out of 5 stars","-","-0.5","41% (5/12)"
"369",14,"Tutu Atwell",MIA,"WR129","6","-","-","3 out of 5 stars","-51","-0.6","22% (2/9)"
"370",14,"Cincinnati Bengals",CIN,"DST26","6","-","-","4 out of 5 stars","-54","-1.5","25% (4/16)"
"371",14,"Raheim Sanders",CLE,"RB105","11","-","-","3 out of 5 stars","-","0.0","33% (1/3)"
"372",14,"Dont'e Thornton Jr.",LV,"WR130","13","-","-","2 out of 5 stars","-","-2.9","0% (0/14)"
"373",14,"KaVontae Turpin",DAL,"WR131","14","-","-","2 out of 5 stars","-","+0.9","42% (6/14)"
"374",14,"Nick Chubb",FA,"RB106","-","-","-","-","-","-1.3","26% (4/15)"
"375",14,"Jaylin Lane",WAS,"WR132","7","-","-","2 out of 5 stars","-","-","-"
"376",14,"Kevin Coleman Jr.",MIA,"WR133","6","-","-","3 out of 5 stars","-","-","-"
"377",14,"Noah Fant",NO,"TE52","8","-","-","2 out of 5 stars","-","-0.3","28% (4/14)"
"378",14,"John Metchie III",CAR,"WR134","5","-","-","2 out of 5 stars","-","+0.1","33% (5/15)"
"379",14,"J'Mari Taylor",JAC,"RB107","7","-","-","4 out of 5 stars","-","-","-"
"380",14,"Xavier Hutchinson",HOU,"WR135","8","-","-","3 out of 5 stars","-","+0.4","43% (7/16)"
"381",14,"Trey Smack",GB,"K21","11","-","-","4 out of 5 stars","-71","-","-"
"382",14,"Charlie Kolar",LAC,"TE53","7","-","-","4 out of 5 stars","-","-","-"
"383",14,"Zane Gonzalez",MIA,"K22","6","-","-","2 out of 5 stars","-","+3.0","75% (6/8)"
"384",14,"Anthony Richardson Sr.",IND,"QB41","13","-","-","4 out of 5 stars","-","-0.1","16% (1/6)"
"385",14,"Luke Musgrave",GB,"TE54","11","-","-","2 out of 5 stars","-","-1.1","25% (4/16)"
"386",14,"Tennessee Titans",TEN,"DST27","9","-","-","2 out of 5 stars","-60","-0.2","37% (6/16)"
"387",14,"Kalif Raymond",CHI,"WR136","10","-","-","3 out of 5 stars","-","+0.9","50% (7/14)"
"388",14,"Nick Folk",ATL,"K23","11","-","-","0 out of 5 stars","-64","+1.2","50% (8/16)"
"389",14,"Nick Westbrook-Ikhine",IND,"WR137","13","-","-","4 out of 5 stars","-","-2.9","0% (0/13)"
"390",14,"Ben Sinnott",WAS,"TE55","7","-","-","1 out of 5 stars","-","+0.1","40% (6/15)"
"391",14,"Austin Ekeler",FA,"RB108","-","-","-","-","-116","-","-"
"392",14,"Zavion Thomas",CHI,"WR138","10","-","-","3 out of 5 stars","-","-","-"
"393",14,"Tommy Tremble",CAR,"TE56","5","-","-","2 out of 5 stars","-","-0.3","31% (5/16)"
"394",14,"Blake Grupe",IND,"K24","13","-","-","4 out of 5 stars","-","+1.0","40% (6/15)"
"395",14,"Phil Mafah",DAL,"RB109","14","-","-","4 out of 5 stars","-","-","-"
"396",14,"Dameon Pierce",PHI,"RB110","10","-","-","4 out of 5 stars","-","-0.9","25% (1/4)"
"397",14,"Ashton Dulin",IND,"WR139","13","-","-","4 out of 5 stars","-","-","-"
"398",14,"Chad Ryland",ARI,"K25","14","-","-","2 out of 5 stars","-","+0.8","53% (8/15)"
"399",14,"Mitchell Evans",CAR,"TE57","5","-","-","2 out of 5 stars","-","+0.8","56% (9/16)"
"400",14,"Rasheen Ali",BAL,"RB111","13","-","-","3 out of 5 stars","-","+0.5","35% (5/14)"
"401",14,"Daniel Carlson",LV,"K26","13","-","-","1 out of 5 stars","-","-1.0","31% (5/16)"
"402",14,"Roschon Johnson",CHI,"RB112","10","-","-","2 out of 5 stars","-","-0.8","16% (1/6)"
"403",14,"Joe Flacco",CIN,"QB42","6","-","-","3 out of 5 stars","-","+0.9","33% (5/15)"
"404",14,"Miami Dolphins",MIA,"DST28","6","-","-","3 out of 5 stars","-72","+0.1","56% (9/16)"
"405",14,"Brandon McManus",FA,"K27","-","-","-","-","-","+0.8","61% (8/13)"
"406",14,"Jordan Whittington",LAR,"WR140","11","-","-","1 out of 5 stars","-","-1.2","18% (3/16)"
"407",14,"Ben Sauls",NYG,"K28","8","-","-","2 out of 5 stars","-","+1.3","50% (1/2)"
"408",14,"Devontez Walker",BAL,"WR141","13","-","-","4 out of 5 stars","-","-","-"
"409",14,"Daniel Bellinger",TEN,"TE58","9","-","-","3 out of 5 stars","-","-","-"
"410",15,"Joey Slye",TEN,"K29","9","-","-","4 out of 5 stars","-","+2.7","66% (10/15)"
"411",15,"Jake Moody",WAS,"K30","7","-","-","5 out of 5 stars","-","+2.9","62% (5/8)"
"412",15,"Jam Miller",NE,"RB113","11","-","-","2 out of 5 stars","-","-","-"
"413",15,"John Bates",WAS,"TE59","7","-","-","1 out of 5 stars","-","-0.8","28% (4/14)"
"414",15,"CJ Daniels",LAR,"WR142","11","-","-","1 out of 5 stars","-","-","-"
"415",15,"Kyle Juszczyk",SF,"RB114","8","-","-","2 out of 5 stars","-","-","-"
"416",15,"Damien Martinez",GB,"RB115","11","-","-","4 out of 5 stars","-","-","-"
"417",15,"Ryan Fitzgerald",CAR,"K31","5","-","-","0 out of 5 stars","-","+0.1","43% (7/16)"
"418",15,"Dyami Brown",WAS,"WR143","7","-","-","2 out of 5 stars","-","-1.5","27% (3/11)"
"419",15,"Zach Ertz",FA,"TE60","-","-","-","-","-","-","-"
"420",15,"Terrell Jennings",NE,"RB116","11","-","-","2 out of 5 stars","-","-","-"
"421",15,"Malik Benson",LV,"WR144","13","-","-","2 out of 5 stars","-","-","-"
"422",15,"Jameis Winston",NYG,"QB43","8","-","-","4 out of 5 stars","-","+3.1","20% (1/5)"
"423",15,"Sione Vaki",DET,"RB117","6","-","-","5 out of 5 stars","-","-","-"
"424",15,"Roman Wilson",PIT,"WR145","9","-","-","3 out of 5 stars","-","-","-"
"425",15,"Marcus Mariota",WAS,"QB44","7","-","-","2 out of 5 stars","-","0.0","33% (5/15)"
"426",15,"Spencer Shrader",IND,"K32","13","-","-","4 out of 5 stars","-","-","-"
"427",15,"Tommy Myers",FA,"TE61","-","-","-","-","-","-","-"
"428",15,"Austin Hooper",ATL,"TE62","11","-","-","3 out of 5 stars","-","+0.2","46% (7/15)"
"429",15,"New York Jets",NYJ,"DST29","13","-","-","4 out of 5 stars","-100","-2.6","25% (4/16)"
"430",15,"Washington Commanders",WAS,"DST30","7","-","-","2 out of 5 stars","-","-1.7","37% (6/16)"
"431",15,"Xavier Restrepo",TEN,"WR146","9","-","-","3 out of 5 stars","-","-","-"
"432",15,"Greg Dortch",DET,"WR147","6","-","-","4 out of 5 stars","-","+1.4","50% (6/12)"
"433",15,"Cade Klubnik",NYJ,"QB45","13","-","-","4 out of 5 stars","-","-","-"
"434",15,"Jonnu Smith",FA,"TE63","-","-","-","-","-","-1.0","25% (4/16)"
"435",15,"Zavier Scott",MIN,"RB118","6","-","-","4 out of 5 stars","-","0.0","40% (6/15)"
"436",15,"Jeremy McNichols",WAS,"RB119","7","-","-","4 out of 5 stars","-","-1.0","37% (6/16)"
"437",15,"Antonio Gibson",FA,"RB120","-","-","-","-","-","-","-"
"438",15,"Demarcus Robinson",SF,"WR148","8","-","-","2 out of 5 stars","-","-0.6","38% (5/13)"
"439",15,"Las Vegas Raiders",LV,"DST31","13","-","-","4 out of 5 stars","-111","-2.0","18% (3/16)"
"440",15,"Deion Burks",IND,"WR149","13","-","-","4 out of 5 stars","-","-","-"
"441",15,"Khalil Herbert",SF,"RB121","8","-","-","2 out of 5 stars","-","-","-"
"442",15,"Joe Milton III",DAL,"QB46","14","-","-","2 out of 5 stars","-","-0.1","7% (1/14)"
"443",15,"Marlin Klein",HOU,"TE64","8","-","-","4 out of 5 stars","-","-","-"
"444",15,"Brandin Cooks",FA,"WR150","-","-","-","-","-","-1.2","20% (3/15)"
"445",15,"Ty Chandler",NO,"RB122","8","-","-","3 out of 5 stars","-","-","-"
"446",15,"Taysom Hill",FA,"TE65","-","-","-","-","-","+0.4","50% (6/12)"
"447",15,"Tyler Lockett",LV,"WR151","13","-","-","2 out of 5 stars","-","-0.5","37% (6/16)"
"448",15,"Tyler Goodson",ATL,"RB123","11","-","-","2 out of 5 stars","-","-","-"
"449",15,"DeAndre Hopkins",BAL,"WR152","13","-","-","4 out of 5 stars","-","-0.5","31% (5/16)"
"450",15,"Dylan Laube",LV,"RB124","13","-","-","2 out of 5 stars","-","-","-"
"451",15,"Mitch Tinsley",CIN,"WR153","6","-","-","4 out of 5 stars","-","-","-"
"452",15,"Jahdae Walker",CHI,"WR154","10","-","-","3 out of 5 stars","-","+4.9","100% (2/2)"
"453",15,"Will Kacmarek",MIA,"TE66","6","-","-","5 out of 5 stars","-","-","-"
"454",15,"Colbie Young",CIN,"WR155","6","-","-","4 out of 5 stars","-","-","-"
"455",15,"Miles Sanders",FA,"RB125","-","-","-","-","-","-","-"
"456",15,"Raheem Mostert",LV,"RB126","13","-","-","2 out of 5 stars","-","-1.2","16% (2/12)"
"457",15,"Theo Wease Jr.",MIA,"WR156","6","-","-","3 out of 5 stars","-","+11.4","100% (1/1)"
"458",15,"Elijah Moore",PHI,"WR157","10","-","-","4 out of 5 stars","-","-","-"
"459",15,"Odell Beckham Jr.",NYG,"WR158","8","-","-","4 out of 5 stars","-","-","-"
"460",15,"Robert Henry Jr.",WAS,"RB127","7","-","-","4 out of 5 stars","-","-","-"
"461",15,"Josh Oliver",MIN,"TE67","6","-","-","4 out of 5 stars","-","+0.6","28% (4/14)"
"462",15,"Tai Felton",MIN,"WR159","6","-","-","5 out of 5 stars","-","-","-"
"463",15,"Xavier Smith",LAR,"WR160","11","-","-","1 out of 5 stars","-","+0.9","40% (4/10)"
"464",15,"Diontae Johnson",FA,"WR161","-","-","-","-","-","-","-"
"465",15,"Jermaine Burton",FA,"WR162","-","-","-","-","-","-","-"
"466",15,"Hunter Luepke",DAL,"RB128","14","-","-","4 out of 5 stars","-","-","-"
"467",15,"Zamir White",SF,"RB129","8","-","-","2 out of 5 stars","-","-1.2","0% (0/5)"
"468",15,"Adam Trautman",DEN,"TE68","10","-","-","4 out of 5 stars","-","-0.4","37% (6/16)"
"469",15,"Sincere McCormick",SF,"RB130","8","-","-","2 out of 5 stars","-","-","-"
"470",15,"Jackson Hawes",BUF,"TE69","7","-","-","3 out of 5 stars","-","+1.2","56% (9/16)"
"471",15,"Kalel Mullings",TEN,"RB131","9","-","-","3 out of 5 stars","-","-0.4","12% (1/8)"
"472",15,"Marquez Valdes-Scantling",DAL,"WR163","14","-","-","2 out of 5 stars","-","-1.4","22% (2/9)"
"473",15,"Jalen Milroe",SEA,"QB47","11","-","-","4 out of 5 stars","-","-1.8","0% (0/3)"
"474",15,"Mo Alie-Cox",IND,"TE70","13","-","-","3 out of 5 stars","-","-","-"
"475",16,"Nate Boerkircher",JAC,"TE71","7","-","-","3 out of 5 stars","-","-","-"
"476",16,"David Sills V",TB,"WR164","10","-","-","4 out of 5 stars","-","-0.3","33% (4/12)"
"477",16,"Quinn Ewers",MIA,"QB48","6","-","-","3 out of 5 stars","-","-2.6","50% (1/2)"
"478",16,"Tanner Koziol",JAC,"TE72","7","-","-","3 out of 5 stars","-","-","-"
"479",16,"Elijah Higgins",ARI,"TE73","14","-","-","2 out of 5 stars","-","+0.1","43% (7/16)"
"480",16,"Frank Gore Jr.",BUF,"RB132","7","-","-","2 out of 5 stars","-","-","-"
"481",16,"Michael Woods II",DEN,"WR165","10","-","-","2 out of 5 stars","-","-","-"
"482",16,"Myles Montgomery",FA,"RB133","-","-","-","-","-","-","-"
"483",16,"Van Jefferson",WAS,"WR166","7","-","-","2 out of 5 stars","-","-0.1","37% (6/16)"
"484",16,"AJ Dillon",CAR,"RB134","5","-","-","1 out of 5 stars","-","-0.3","28% (2/7)"
"485",16,"Riley Leonard",IND,"QB49","13","-","-","4 out of 5 stars","-","-0.4","0% (0/3)"
"486",16,"Jimmy Horn Jr.",CAR,"WR167","5","-","-","2 out of 5 stars","-","-","-"
"487",16,"Tim Patrick",NYJ,"WR168","13","-","-","4 out of 5 stars","-","+1.0","46% (6/13)"
"488",16,"Gardner Minshew II",ARI,"QB50","14","-","-","2 out of 5 stars","-","-","-"
"489",16,"Roman Hemby",LV,"RB135","13","-","-","2 out of 5 stars","-","-","-"
"490",16,"Luke Schoonmaker",DAL,"TE74","14","-","-","2 out of 5 stars","-","-","-"
"491",16,"Jaydn Ott",KC,"RB136","5","-","-","3 out of 5 stars","-","-","-"
"492",16,"Miles Davis",CAR,"RB137","5","-","-","1 out of 5 stars","-","-","-"
"493",16,"Reggie Gilliam",NE,"RB138","11","-","-","2 out of 5 stars","-","-","-"
"494",16,"Jaret Patterson",LAC,"RB139","7","-","-","3 out of 5 stars","-","+0.3","33% (2/6)"
"495",16,"Trey Lance",LAC,"QB51","7","-","-","2 out of 5 stars","-","+0.1","21% (3/14)"
"496",16,"JuJu Smith-Schuster",NYG,"WR169","8","-","-","4 out of 5 stars","-","-0.8","37% (6/16)"
"497",16,"Lil'Jordan Humphrey",DEN,"WR170","10","-","-","2 out of 5 stars","-","-0.2","37% (3/8)"