InjuryID,SeasonType,Season,Week,PlayerID,Name,Position,Number,Team,Opponent,BodyPart,Status,Practice,PracticeDescription,Updated,DeclaredInactive,TeamID,OpponentID
305713,1,2023,1,20889,Kyler Murray,QB,1,ARI,WAS,Scrambled,Scrambled,Scrambled,Scrambled,2023-09-10T12:55:13,True,1,35
305774,1,2023,1,24110,Garrett Williams,CB,21,ARI,WAS,Scrambled,Scrambled,Scrambled,Scrambled,2023-09-10T12:55:13,True,1,35
305788,1,2023,1,24673,Matt Hembrough,LS,39,ARI,WAS,Scrambled,Scrambled,Scrambled,Scrambled,2023-09-10T12:55:13,True,1,35
306053,1,2023,1,18998,Marlon Mack,RB,32,ARI,WAS,Scrambled,Scrambled,Scrambled,Scrambled,2023-09-10T12:55:13,True,1,35
306226,1,2023,1,20754,Rashad Fenton,CB,0,ARI,WAS,Scrambled,Scrambled,Scrambled,Scrambled,2023-09-10T12:55:13,True,1,35
306230,1,2023,1,20173,Sean Chandler,S,32,ARI,WAS,Scrambled,Scrambled,Scrambled,Scrambled,2023-08-28T15:06:12,True,1,35
306481,1,2023,1,18961,Pat Elflein,OL,50,ARI,WAS,Scrambled,Scrambled,Scrambled,Scrambled,2023-09-10T12:55:13,True,1,35
306513,1,2023,1,24408,Jon Gaines II,OL,59,ARI,WAS,Scrambled,Scrambled,Scrambled,Scrambled,2023-09-10T12:55:13,True,1,35
306523,1,2023,1,21057,Dennis Daley,OL,71,ARI,WAS,Scrambled,Scrambled,Scrambled,Scrambled,2023-09-10T12:55:13,True,1,35
306526,1,2023,1,23529,Myjai Sanders,OLB,41,ARI,WAS,Scrambled,Scrambled,Scrambled,Scrambled,2023-09-10T12:55:13,True,1,35
306762,1,2023,1,13913,Kelvin Beachum,OL,68,ARI,WAS,Scrambled,Scrambled,Scrambled,Scrambled,2023-09-10T12:55:13,True,1,35
306738,1,2023,1,24868,Barry Wesley,OL,69,ATL,CAR,Scrambled,Scrambled,Scrambled,Scrambled,2023-09-10T12:55:13,True,2,5
306492,1,2023,1,20793,Penny Hart,WR,19,ATL,CAR,Scrambled,Scrambled,Scrambled,Scrambled,2023-09-10T12:55:13,True,2,5
306234,1,2023,1,22924,Adetokunbo Ogundeji,OLB,92,ATL,CAR,Scrambled,Scrambled,Scrambled,Scrambled,2023-09-10T12:55:13,True,2,5
306246,1,2023,1,21951,Matt Hennessy,OL,61,ATL,CAR,Scrambled,Scrambled,Scrambled,Scrambled,2023-09-10T12:55:13,True,2,5
305991,1,2023,1,22498,Feleipe Franks,TE,15,ATL,CAR,Scrambled,Scrambled,Scrambled,Scrambled,2023-09-10T12:55:13,True,2,5
305992,1,2023,1,24406,Ikenna Enechukwu,DL,79,ATL,CAR,Scrambled,Scrambled,Scrambled,Scrambled,2023-09-10T12:55:13,True,2,5
305840,1,2023,1,21164,Ethan Greenidge,OT,71,ATL,CAR,Scrambled,Scrambled,Scrambled,Scrambled,2023-09-10T12:55:13,True,2,5
305699,1,2023,1,19300,Breon Borders,DB,36,ATL,CAR,Scrambled,Scrambled,Scrambled,Scrambled,2023-08-29T16:03:17,True,2,5
305750,1,2023,1,22925,Avery Williams,RB,26,ATL,CAR,Scrambled,Scrambled,Scrambled,Scrambled,2023-09-10T12:55:13,True,2,5
305719,1,2023,1,21421,Nick Moore,LS,46,BAL,HOU,Scrambled,Scrambled,Scrambled,Scrambled,2023-09-10T12:55:13,True,3,13
305693,1,2023,1,18930,Tyus Bowser,OLB,54,BAL,HOU,Scrambled,Scrambled,Scrambled,Scrambled,2023-09-10T12:55:13,True,3,13
305796,1,2023,1,20887,Trayvon Mullen,CB,0,BAL,HOU,Scrambled,Scrambled,Scrambled,Scrambled,2023-09-10T12:55:13,True,3,13
305784,1,2023,1,24445,Andrew Vorhees,OL,72,BAL,HOU,Scrambled,Scrambled,Scrambled,Scrambled,2023-09-10T12:55:13,True,3,13
306717,1,2023,1,24214,Keaton Mitchell,RB,34,BAL,HOU,Scrambled,Scrambled,Scrambled,Scrambled,2023-09-10T12:55:13,True,3,13
306718,1,2023,1,24814,Malik Hamm,OLB,59,BAL,HOU,Scrambled,Scrambled,Scrambled,Scrambled,2023-09-10T12:55:13,True,3,13
306540,1,2023,1,23564,Damarion Williams,CB,22,BAL,HOU,Scrambled,Scrambled,Scrambled,Scrambled,2023-09-10T12:55:13,True,3,13
306552,1,2023,1,23545,Baylon Spector,LB,54,BUF,NYJ,Scrambled,Scrambled,Scrambled,Scrambled,2023-09-11T20:10:36,True,4,24
306706,1,2023,1,24221,Justin Shorter,WR,18,BUF,NYJ,Scrambled,Scrambled,Scrambled,Scrambled,2023-09-11T20:10:36,True,4,24
306963,1,2023,1,22097,Damar Hamlin,S,3,BUF,NYJ,Scrambled,Scrambled,Scrambled,Scrambled,2023-09-11T20:10:36,True,4,24
306964,1,2023,1,23280,Alec Anderson,OT,70,BUF,NYJ,Scrambled,Scrambled,Scrambled,Scrambled,2023-09-11T20:10:36,True,4,24
306965,1,2023,1,23320,Kaiir Elam,CB,24,BUF,NYJ,Scrambled,Scrambled,Scrambled,Scrambled,2023-09-11T20:10:36,True,4,24
306967,1,2023,1,23896,Kingsley Jonathan,DE,59,BUF,NYJ,Scrambled,Scrambled,Scrambled,Scrambled,2023-09-11T20:10:36,True,4,24
306961,1,2023,1,17954,Germain Ifedi,OL,68,BUF,NYJ,Scrambled,Scrambled,Scrambled,Scrambled,2023-09-11T20:10:36,True,4,24
305669,1,2023,1,13022,Von Miller,LB,40,BUF,NYJ,Scrambled,Scrambled,Scrambled,Scrambled,2023-09-11T20:10:36,True,4,24
305704,1,2023,1,19912,Nyheim Hines,RB,0,BUF,NYJ,Scrambled,Scrambled,Scrambled,Scrambled,2023-09-11T20:10:36,True,4,24
305740,1,2023,1,22667,Zach Davidson,TE,84,BUF,NYJ,Scrambled,Scrambled,Scrambled,Scrambled,2023-09-11T20:10:36,True,4,24
306273,1,2023,1,22790,Tommy Doyle,OT,72,BUF,NYJ,Scrambled,Scrambled,Scrambled,Scrambled,2023-09-11T20:10:36,True,4,24
306489,1,2023,1,16854,Henry Anderson,DE,94,CAR,ATL,Scrambled,Scrambled,Scrambled,Scrambled,2023-09-10T12:55:13,True,5,2
305701,1,2023,1,19851,Austin Corbett,G,63,CAR,ATL,Scrambled,Scrambled,Scrambled,Scrambled,2023-09-10T12:55:13,True,5,2
306716,1,2023,1,21865,Stephen Sullivan,TE,84,CAR,ATL,Scrambled,Scrambled,Scrambled,Scrambled,2023-09-10T12:55:13,True,5,2
306559,1,2023,1,19929,Marquis Haynes Sr.,OLB,98,CAR,ATL,Scrambled,Scrambled,Scrambled,Scrambled,2023-09-10T12:55:13,True,5,2
306569,1,2023,1,23613,Doug Kramer,OL,68,CHI,GB,Scrambled,Scrambled,Scrambled,Scrambled,2023-09-10T16:24:32,True,6,12
306287,1,2023,1,22860,Teven Jenkins,OL,76,CHI,GB,Scrambled,Scrambled,Scrambled,Scrambled,2023-09-10T16:24:32,True,6,12
306494,1,2023,1,20961,Marvell Tell III,CB,39,CIN,CLE,Scrambled,Scrambled,Scrambled,Scrambled,2023-09-10T12:55:13,True,7,8
306495,1,2023,1,24860,Tautala Pesefea Jr.,DT,53,CIN,CLE,Scrambled,Scrambled,Scrambled,Scrambled,2023-09-10T12:55:13,True,7,8
306023,1,2023,1,24659,Devonnsha Maxwell,DT,69,CIN,CLE,Scrambled,Scrambled,Scrambled,Scrambled,2023-09-10T12:55:13,True,7,8
305680,1,2023,1,17058,La'el Collins,OT,71,CIN,CLE,Scrambled,Scrambled,Scrambled,Scrambled,2023-09-10T12:55:13,True,7,8
305765,1,2023,1,23697,Devin Cochran,OT,76,CIN,CLE,Scrambled,Scrambled,Scrambled,Scrambled,2023-09-10T12:55:13,True,7,8
305759,1,2023,1,23468,Michael Woods II,WR,12,CLE,CIN,Scrambled,Scrambled,Scrambled,Scrambled,2023-09-10T12:55:13,True,8,7
305821,1,2023,1,22149,Bopete Keyes,DB,0,CLE,CIN,Scrambled,Scrambled,Scrambled,Scrambled,2023-09-10T12:55:13,True,8,7
305822,1,2023,1,23495,Dawson Deaton,G,52,CLE,CIN,Scrambled,Scrambled,Scrambled,Scrambled,2023-09-10T12:55:13,True,8,7
306279,1,2023,1,22821,Thomas Graham Jr.,CB,31,CLE,CIN,Scrambled,Scrambled,Scrambled,Scrambled,2023-09-10T12:55:13,True,8,7
306280,1,2023,1,23838,Daylen Baldwin,WR,87,CLE,CIN,Scrambled,Scrambled,Scrambled,Scrambled,2023-09-10T12:55:13,True,8,7
306077,1,2023,1,21979,Jacob Phillips,LB,50,CLE,CIN,Scrambled,Scrambled,Scrambled,Scrambled,2023-09-10T12:55:13,True,8,7
306474,1,2023,1,18103,Jakeem Grant Sr.,WR,9,CLE,CIN,Scrambled,Scrambled,Scrambled,Scrambled,2023-09-10T12:55:13,True,8,7
306482,1,2023,1,21113,Drew Forbes,G,70,CLE,CIN,Scrambled,Scrambled,Scrambled,Scrambled,2023-09-10T12:55:13,True,8,7
306577,1,2023,1,21207,Jordan Kunaszyk,LB,51,CLE,CIN,Scrambled,Scrambled,Scrambled,Scrambled,2023-09-10T12:55:13,True,8,7
306464,1,2023,1,24459,David Durden,WR,85,DAL,NYG,Scrambled,Scrambled,Scrambled,Scrambled,2023-09-10T20:15:19,True,9,23
306493,1,2023,1,22707,Josh Ball,OT,75,DAL,NYG,Scrambled,Scrambled,Scrambled,Scrambled,2023-09-10T20:15:19,True,9,23
306510,1,2023,1,22733,Nahshon Wright,CB,25,DAL,NYG,Scrambled,Scrambled,Scrambled,Scrambled,2023-09-10T20:15:19,True,9,23
306508,1,2023,1,23410,Matt Waletzko,OT,79,DAL,NYG,Scrambled,Scrambled,Scrambled,Scrambled,2023-09-10T20:15:19,True,9,23
306274,1,2023,1,24776,John Stephens Jr.,WR,81,DAL,NYG,Scrambled,Scrambled,Scrambled,Scrambled,2023-09-10T20:15:19,True,9,23
306272,1,2023,1,24263,DeMarvion Overshown,LB,35,DAL,NYG,Scrambled,Scrambled,Scrambled,Scrambled,2023-09-10T20:15:19,True,9,23
305812,1,2023,1,19861,Ronald Jones,RB,32,DAL,NYG,Scrambled,Scrambled,Scrambled,Scrambled,2023-09-10T20:15:19,True,9,23
305816,1,2023,1,19207,Tim Patrick,WR,12,DEN,LV,Scrambled,Scrambled,Scrambled,Scrambled,2023-09-10T16:24:32,True,10,25
305834,1,2023,1,22401,Jonas Griffith,ILB,50,DEN,LV,Scrambled,Scrambled,Scrambled,Scrambled,2023-09-10T16:24:32,True,10,25
305762,1,2023,1,23531,Eyioma Uwazurike,DL,0,DEN,LV,Scrambled,Scrambled,Scrambled,Scrambled,2023-09-10T16:24:32,True,10,25
305742,1,2023,1,22727,Baron Browning,LB,56,DEN,LV,Scrambled,Scrambled,Scrambled,Scrambled,2023-09-10T16:24:32,True,10,25
306442,1,2023,1,23642,Jalen Virgil,WR,15,DEN,LV,Scrambled,Scrambled,Scrambled,Scrambled,2023-09-10T16:24:32,True,10,25
306488,1,2023,1,16143,K'Waun Williams,CB,8,DEN,LV,Scrambled,Scrambled,Scrambled,Scrambled,2023-09-10T16:24:32,True,10,25
306597,1,2023,1,21373,P.J. Locke,S,6,DEN,LV,Scrambled,Scrambled,Scrambled,Scrambled,2023-09-10T16:24:32,True,10,25
306602,1,2023,1,24551,Alex Palczewski,OT,63,DEN,LV,Scrambled,Scrambled,Scrambled,Scrambled,2023-09-10T16:24:32,True,10,25
306720,1,2023,1,21887,Julian Okwara,LB,99,DET,KC,Scrambled,Scrambled,Scrambled,Scrambled,2023-09-07T20:17:51,True,11,16
306727,1,2023,1,20366,Emmanuel Moseley,CB,4,DET,KC,Scrambled,Scrambled,Scrambled,Scrambled,2023-09-07T20:17:51,True,11,16
306479,1,2023,1,18104,Nate Sudfeld,QB,0,DET,KC,Scrambled,Scrambled,Scrambled,Scrambled,2023-09-07T20:17:51,True,11,16
305753,1,2023,1,23234,Jameson Williams,WR,9,DET,KC,Scrambled,Scrambled,Scrambled,Scrambled,2023-09-07T20:17:51,True,11,16
305775,1,2023,1,24140,Hendon Hooker,QB,12,DET,KC,Scrambled,Scrambled,Scrambled,Scrambled,2023-09-07T20:17:51,True,11,16
305830,1,2023,1,23084,Shane Zylstra,TE,0,DET,KC,Scrambled,Scrambled,Scrambled,Scrambled,2023-09-07T20:17:51,True,11,16
305744,1,2023,1,22786,Eric Stokes,CB,21,GB,CHI,Scrambled,Scrambled,Scrambled,Scrambled,2023-09-10T16:24:32,True,12,6
306076,1,2023,1,22138,Tyler Davis,TE,84,GB,CHI,Scrambled,Scrambled,Scrambled,Scrambled,2023-09-10T16:24:32,True,12,6
306613,1,2023,1,23330,Luke Tenuta,OT,78,GB,CHI,Scrambled,Scrambled,Scrambled,Scrambled,2023-09-10T16:24:32,True,12,6
306604,1,2023,1,19552,Cameron Johnston,P,11,HOU,BAL,Scrambled,Scrambled,Scrambled,Scrambled,2023-09-10T12:55:13,True,13,3
306617,1,2023,1,24437,Juice Scruggs,G,70,HOU,BAL,Scrambled,Scrambled,Scrambled,Scrambled,2023-09-10T12:55:13,True,13,3
306794,1,2023,1,24203,Brandon Hill,S,0,HOU,BAL,Scrambled,Scrambled,Scrambled,Scrambled,2023-09-10T12:55:13,True,13,3
306025,1,2023,1,20813,Tytus Howard,OT,71,HOU,BAL,Scrambled,Scrambled,Scrambled,Scrambled,2023-09-10T12:55:13,True,13,3
306049,1,2023,1,24709,Jesse Matthews,WR,41,HOU,BAL,Scrambled,Scrambled,Scrambled,Scrambled,2023-09-10T12:55:13,True,13,3
306013,1,2023,1,24793,DJ Scaife,C,0,HOU,BAL,Scrambled,Scrambled,Scrambled,Scrambled,2023-09-10T12:55:13,True,13,3
306462,1,2023,1,24710,Kilian Zierer,OT,66,HOU,BAL,Scrambled,Scrambled,Scrambled,Scrambled,2023-09-10T12:55:13,True,13,3
306511,1,2023,1,23342,Kenyon Green,G,59,HOU,BAL,Scrambled,Scrambled,Scrambled,Scrambled,2023-09-10T12:55:13,True,13,3
305728,1,2023,1,21947,Charlie Heck,OT,67,HOU,BAL,Scrambled,Scrambled,Scrambled,Scrambled,2023-09-10T12:55:13,True,13,3
305838,1,2023,1,19983,Scott Quessenberry,C,54,HOU,BAL,Scrambled,Scrambled,Scrambled,Scrambled,2023-09-10T12:55:13,True,13,3
305824,1,2023,1,24008,Troy Hairston,FB,34,HOU,BAL,Scrambled,Scrambled,Scrambled,Scrambled,2023-09-10T12:55:13,True,13,3
305980,1,2023,1,20050,Chris Lammons,DB,0,IND,JAX,Scrambled,Scrambled,Scrambled,Scrambled,2023-09-10T12:55:13,True,14,15
305776,1,2023,1,24229,Daniel Scott,S,0,IND,JAX,Scrambled,Scrambled,Scrambled,Scrambled,2023-09-10T12:55:13,True,14,15
305723,1,2023,1,21682,Jonathan Taylor,RB,28,IND,JAX,Scrambled,Scrambled,Scrambled,Scrambled,2023-09-10T12:55:13,True,14,15
306499,1,2023,1,22030,Danny Pinter,G,63,IND,JAX,Scrambled,Scrambled,Scrambled,Scrambled,2023-09-10T12:55:13,True,14,15
306501,1,2023,1,24488,Titus Leo,DE,91,IND,JAX,Scrambled,Scrambled,Scrambled,Scrambled,2023-09-10T12:55:13,True,14,15
306000,1,2023,1,24460,Jake Witt,OT,76,IND,JAX,Scrambled,Scrambled,Scrambled,Scrambled,2023-09-10T12:55:13,True,14,15
306254,1,2023,1,21349,Ashton Dulin,WR,16,IND,JAX,Scrambled,Scrambled,Scrambled,Scrambled,2023-09-10T12:55:13,True,14,15
306260,1,2023,1,19970,Genard Avery,DE,0,IND,JAX,Scrambled,Scrambled,Scrambled,Scrambled,2023-09-10T12:55:13,True,14,15
306627,1,2023,1,23490,Jelani Woods,TE,80,IND,JAX,Scrambled,Scrambled,Scrambled,Scrambled,2023-09-10T12:55:13,True,14,15
306635,1,2023,1,21869,DaVon Hamilton,DT,52,JAX,IND,Scrambled,Scrambled,Scrambled,Scrambled,2023-09-10T12:55:13,True,15,14
306642,1,2023,1,24492,Cooper Hodges,OT,75,JAX,IND,Scrambled,Scrambled,Scrambled,Scrambled,2023-09-10T12:55:13,True,15,14
306490,1,2023,1,22141,Chris Claybrooks,CB,6,JAX,IND,Scrambled,Scrambled,Scrambled,Scrambled,2023-09-10T12:55:13,True,15,14
306480,1,2023,1,24269,Ventrell Miller,LB,51,JAX,IND,Scrambled,Scrambled,Scrambled,Scrambled,2023-09-10T12:55:13,True,15,14
305732,1,2023,1,22193,Jaylon Moore,WR,0,JAX,IND,Scrambled,Scrambled,Scrambled,Scrambled,2023-09-10T12:55:13,True,15,14
305690,1,2023,1,18910,Cam Robinson,OL,74,JAX,IND,Scrambled,Scrambled,Scrambled,Scrambled,2023-09-10T12:55:13,True,15,14
305695,1,2023,1,18959,Dawuane Smoot,OLB,91,JAX,IND,Scrambled,Scrambled,Scrambled,Scrambled,2023-09-10T12:55:13,True,15,14
305806,1,2023,1,23635,Nazeeh Johnson,S,13,KC,DET,Scrambled,Scrambled,Scrambled,Scrambled,2023-09-07T20:17:51,True,16,11
305982,1,2023,1,20901,Charles Omenihu,DE,90,KC,DET,Scrambled,Scrambled,Scrambled,Scrambled,2023-09-07T20:17:51,True,16,11
306232,1,2023,1,21383,Jody Fortson,TE,88,KC,DET,Scrambled,Scrambled,Scrambled,Scrambled,2023-09-07T20:17:51,True,16,11
306736,1,2023,1,15048,Travis Kelce,TE,87,KC,DET,Scrambled,Scrambled,Scrambled,Scrambled,2023-09-07T20:17:51,True,16,11
306731,1,2023,1,23754,Andrew Trainer,OT,62,LAC,MIA,Scrambled,Scrambled,Scrambled,Scrambled,2023-09-10T16:24:32,True,29,19
305720,1,2023,1,21448,Jalen Guyton,WR,15,LAC,MIA,Scrambled,Scrambled,Scrambled,Scrambled,2023-09-10T16:24:32,True,29,19
305758,1,2023,1,23455,Otito Ogbonnia,DL,93,LAC,MIA,Scrambled,Scrambled,Scrambled,Scrambled,2023-09-10T16:24:32,True,29,19
306697,1,2023,1,22509,Hunter Long,TE,84,LAR,SEA,Scrambled,Scrambled,Scrambled,Scrambled,2023-09-10T16:24:32,True,32,30
306698,1,2023,1,24422,Ochaun Mathis,OLB,32,LAR,SEA,Scrambled,Scrambled,Scrambled,Scrambled,2023-09-10T16:24:32,True,32,30
306683,1,2023,1,18882,Cooper Kupp,WR,10,LAR,SEA,Scrambled,Scrambled,Scrambled,Scrambled,2023-09-10T16:24:32,True,32,30
306516,1,2023,1,24446,Dalton Wagner,OT,78,LV,DEN,Scrambled,Scrambled,Scrambled,Scrambled,2023-09-10T16:24:32,True,25,10
306693,1,2023,1,20434,Brandon Facyson,CB,31,LV,DEN,Scrambled,Scrambled,Scrambled,Scrambled,2023-09-10T16:24:32,True,25,10
305842,1,2023,1,21514,Austin Walter,RB,32,LV,DEN,Scrambled,Scrambled,Scrambled,Scrambled,2023-09-10T16:24:32,True,25,10
306478,1,2023,1,23632,Brittain Brown,RB,38,LV,DEN,Scrambled,Scrambled,Scrambled,Scrambled,2023-09-10T16:24:32,True,25,10
306444,1,2023,1,23535,Darien Butler,LB,58,LV,DEN,Scrambled,Scrambled,Scrambled,Scrambled,2023-09-10T16:24:32,True,25,10
306497,1,2023,1,20070,Keion Crossen,DB,27,MIA,LAC,Scrambled,Scrambled,Scrambled,Scrambled,2023-09-10T16:24:32,True,19,29
305787,1,2023,1,24588,Zeke Vandenburgh,LB,57,MIA,LAC,Scrambled,Scrambled,Scrambled,Scrambled,2023-09-10T16:24:32,True,19,29
305682,1,2023,1,17919,Jalen Ramsey,CB,5,MIA,LAC,Scrambled,Scrambled,Scrambled,Scrambled,2023-09-10T16:24:32,True,19,29
306713,1,2023,1,21192,Nik Needham,CB,40,MIA,LAC,Scrambled,Scrambled,Scrambled,Scrambled,2023-09-10T16:24:32,True,19,29
306686,1,2023,1,20360,Jeff Wilson Jr.,RB,23,MIA,LAC,Scrambled,Scrambled,Scrambled,Scrambled,2023-09-10T16:24:32,True,19,29
306703,1,2023,1,22891,Robert Jones,OL,65,MIA,LAC,Scrambled,Scrambled,Scrambled,Scrambled,2023-09-10T16:24:32,True,19,29
306674,1,2023,1,22676,Kene Nwangwu,RB,26,MIN,TB,Scrambled,Scrambled,Scrambled,Scrambled,2023-09-10T12:55:13,True,20,33
305681,1,2023,1,17743,Chris Reed,OL,62,MIN,TB,Scrambled,Scrambled,Scrambled,Scrambled,2023-09-10T12:55:13,True,20,33
305783,1,2023,1,24341,Malik Knowles,WR,81,MIN,TB,Scrambled,Scrambled,Scrambled,Scrambled,2023-09-10T12:55:13,True,20,33
306015,1,2023,1,21894,James Lynch,DL,92,MIN,TB,Scrambled,Scrambled,Scrambled,Scrambled,2023-09-10T12:55:13,True,20,33
306046,1,2023,1,16862,Trey Flowers,LB,98,NE,PHI,Scrambled,Scrambled,Scrambled,Scrambled,2023-09-10T16:24:32,True,21,26
306515,1,2023,1,24466,Isaiah Bolden,CB,29,NE,PHI,Scrambled,Scrambled,Scrambled,Scrambled,2023-09-10T16:24:32,True,21,26
306458,1,2023,1,22612,Tre Nixon,WR,0,NE,PHI,Scrambled,Scrambled,Scrambled,Scrambled,2023-09-10T16:24:32,True,21,26
305675,1,2023,1,15208,Cody Davis,SS,22,NE,PHI,Scrambled,Scrambled,Scrambled,Scrambled,2023-09-10T16:24:32,True,21,26
305694,1,2023,1,18936,Raekwon McMillan,LB,50,NE,PHI,Scrambled,Scrambled,Scrambled,Scrambled,2023-09-10T16:24:32,True,21,26
306677,1,2023,1,23469,Tyquan Thornton,WR,11,NE,PHI,Scrambled,Scrambled,Scrambled,Scrambled,2023-09-10T16:24:32,True,21,26
306668,1,2023,1,14222,Riley Reiff,OT,74,NE,PHI,Scrambled,Scrambled,Scrambled,Scrambled,2023-09-10T16:24:32,True,21,26
306761,1,2023,1,23558,Jack Jones,DB,13,NE,PHI,Scrambled,Scrambled,Scrambled,Scrambled,2023-09-10T16:24:32,True,21,26
306832,1,2023,1,23183,Matt Corral,QB,0,NE,PHI,Scrambled,Scrambled,Scrambled,Scrambled,2023-09-10T16:24:32,True,21,26
306778,1,2023,1,23249,Jake Haener,QB,3,NO,TEN,Scrambled,Scrambled,Scrambled,Scrambled,2023-09-10T12:55:13,True,22,34
306661,1,2023,1,19897,Tre'Quan Smith,WR,10,NO,TEN,Scrambled,Scrambled,Scrambled,Scrambled,2023-09-10T12:55:13,True,22,34
305792,1,2023,1,16563,Trai Turner,G,59,NO,TEN,Scrambled,Scrambled,Scrambled,Scrambled,2023-09-10T12:55:13,True,22,34
305828,1,2023,1,21445,Andrew Dowell,LB,50,NO,TEN,Scrambled,Scrambled,Scrambled,Scrambled,2023-09-10T12:55:13,True,22,34
305978,1,2023,1,18878,Alvin Kamara,RB,41,NO,TEN,Scrambled,Scrambled,Scrambled,Scrambled,2023-09-10T12:55:13,True,22,34
305998,1,2023,1,21773,Eno Benjamin,RB,26,NO,TEN,Scrambled,Scrambled,Scrambled,Scrambled,2023-09-10T12:55:13,True,22,34
306475,1,2023,1,24199,Bryce Ford-Wheaton,WR,0,NYG,DAL,Scrambled,Scrambled,Scrambled,Scrambled,2023-09-10T20:15:19,True,23,9
306483,1,2023,1,21531,Chris Myarick,FB,85,NYG,DAL,Scrambled,Scrambled,Scrambled,Scrambled,2023-09-10T20:15:19,True,23,9
306509,1,2023,1,20957,Tommy Sweeney,TE,89,NYG,DAL,Scrambled,Scrambled,Scrambled,Scrambled,2023-09-10T20:15:19,True,23,9
305808,1,2023,1,20231,J.C. Hassenauer,C,63,NYG,DAL,Scrambled,Scrambled,Scrambled,Scrambled,2023-09-10T20:15:19,True,23,9
305691,1,2023,1,18913,Jarrad Davis,ILB,57,NYG,DAL,Scrambled,Scrambled,Scrambled,Scrambled,2023-09-10T20:15:19,True,23,9
305748,1,2023,1,22854,Aaron Robinson,CB,33,NYG,DAL,Scrambled,Scrambled,Scrambled,Scrambled,2023-09-10T20:15:19,True,23,9
306735,1,2023,1,14141,Cole Beasley,WR,0,NYG,DAL,Scrambled,Scrambled,Scrambled,Scrambled,2023-09-10T20:15:20,True,23,9
306798,1,2023,1,3617,Duane Brown,OT,76,NYJ,BUF,Scrambled,Scrambled,Scrambled,Scrambled,2023-09-11T20:10:36,False,24,4
306799,1,2023,1,22009,Mekhi Becton,OT,77,NYJ,BUF,Scrambled,Scrambled,Scrambled,Scrambled,2023-09-11T20:10:36,False,24,4
306800,1,2023,1,22526,Breece Hall,RB,20,NYJ,BUF,Scrambled,Scrambled,Scrambled,Scrambled,2023-09-11T20:10:36,False,24,4
306960,1,2023,1,24178,Israel Abanikanda,RB,25,NYJ,BUF,Scrambled,Scrambled,Scrambled,Scrambled,2023-09-11T20:10:36,True,24,4
306966,1,2023,1,23399,Max Mitchell,OL,61,NYJ,BUF,Scrambled,Scrambled,Scrambled,Scrambled,2023-09-11T20:10:36,True,24,4
306962,1,2023,1,18994,Carl Lawson,DL,58,NYJ,BUF,Scrambled,Scrambled,Scrambled,Scrambled,2023-09-11T20:10:36,True,24,4
306968,1,2023,1,23962,Irvin Charles,WR,19,NYJ,BUF,Scrambled,Scrambled,Scrambled,Scrambled,2023-09-11T20:10:36,True,24,4
306969,1,2023,1,24345,Jason Brownlee,WR,16,NYJ,BUF,Scrambled,Scrambled,Scrambled,Scrambled,2023-09-11T20:10:36,True,24,4
306970,1,2023,1,24481,Zaire Barnes,LB,53,NYJ,BUF,Scrambled,Scrambled,Scrambled,Scrambled,2023-09-11T20:10:36,True,24,4
306701,1,2023,1,24368,Carter Warren,OT,67,NYJ,BUF,Scrambled,Scrambled,Scrambled,Scrambled,2023-09-11T20:10:36,True,24,4
306702,1,2023,1,22514,Kenny Yeboah,TE,88,NYJ,BUF,Scrambled,Scrambled,Scrambled,Scrambled,2023-09-11T20:10:36,True,24,4
305746,1,2023,1,22808,Brandin Echols,CB,26,NYJ,BUF,Scrambled,Scrambled,Scrambled,Scrambled,2023-09-11T20:10:36,True,24,4
305726,1,2023,1,21870,Bradlee Anae,DL,50,NYJ,BUF,Scrambled,Scrambled,Scrambled,Scrambled,2023-09-11T20:10:36,True,24,4
305697,1,2023,1,19070,Chuck Clark,S,23,NYJ,BUF,Scrambled,Scrambled,Scrambled,Scrambled,2023-09-11T20:10:36,True,24,4
305786,1,2023,1,24485,Jarrick Bernard-Converse,S,29,NYJ,BUF,Scrambled,Scrambled,Scrambled,Scrambled,2023-09-11T20:10:36,True,24,4
306228,1,2023,1,19102,Ifeadi Odenigbo,DE,92,NYJ,BUF,Scrambled,Scrambled,Scrambled,Scrambled,2023-09-11T20:10:36,True,24,4
306078,1,2023,1,21914,Shaun Bradley,LB,54,PHI,NE,Scrambled,Scrambled,Scrambled,Scrambled,2023-09-10T16:24:32,True,26,21
306036,1,2023,1,23226,Charleston Rambo,WR,0,PHI,NE,Scrambled,Scrambled,Scrambled,Scrambled,2023-09-10T16:24:32,True,26,21
306486,1,2023,1,22139,Isaiah Rodgers Sr.,CB,0,PHI,NE,Scrambled,Scrambled,Scrambled,Scrambled,2023-09-10T16:24:32,True,26,21
306471,1,2023,1,19042,Roderick Johnson,OT,66,PHI,NE,Scrambled,Scrambled,Scrambled,Scrambled,2023-09-10T16:24:32,True,26,21
306719,1,2023,1,21801,Trey Sermon,RB,38,PHI,NE,Scrambled,Scrambled,Scrambled,Scrambled,2023-09-10T16:24:32,True,26,21
305826,1,2023,1,24443,Cory Trice Jr.,DB,27,PIT,SF,Scrambled,Scrambled,Scrambled,Scrambled,2023-09-10T12:55:13,True,28,31
305847,1,2023,1,24301,Alfonzo Graham,RB,0,PIT,SF,Scrambled,Scrambled,Scrambled,Scrambled,2023-09-10T12:55:13,True,28,31
305716,1,2023,1,20998,Renell Wren,DT,0,PIT,SF,Scrambled,Scrambled,Scrambled,Scrambled,2023-09-10T12:55:13,True,28,31
305721,1,2023,1,21494,Bryan Mone,DT,91,SEA,LAR,Scrambled,Scrambled,Scrambled,Scrambled,2023-09-10T16:24:32,True,30,32
305747,1,2023,1,22810,Austin Faoliu,NT,64,SEA,LAR,Scrambled,Scrambled,Scrambled,Scrambled,2023-09-10T16:24:32,True,30,32
305984,1,2023,1,22569,Dee Eskridge,WR,1,SEA,LAR,Scrambled,Scrambled,Scrambled,Scrambled,2023-09-10T16:24:32,True,30,32
305790,1,2023,1,24892,LaTrell Bumphus,NT,0,SEA,LAR,Scrambled,Scrambled,Scrambled,Scrambled,2023-09-10T16:24:32,True,30,32
306019,1,2023,1,24905,Andrew Whitaker,CB,38,SEA,LAR,Scrambled,Scrambled,Scrambled,Scrambled,2023-09-10T16:24:32,True,30,32
306069,1,2023,1,23970,Joshua Onujiogu,LB,49,SEA,LAR,Scrambled,Scrambled,Scrambled,Scrambled,2023-09-10T16:24:32,True,30,32
306615,1,2023,1,23624,Dareke Young,WR,83,SEA,LAR,Scrambled,Scrambled,Scrambled,Scrambled,2023-09-10T16:24:32,True,30,32
306591,1,2023,1,24373,Kenny McIntosh,RB,25,SEA,LAR,Scrambled,Scrambled,Scrambled,Scrambled,2023-09-10T16:24:32,True,30,32
306704,1,2023,1,24394,Robert Beal Jr.,DL,0,SF,PIT,Scrambled,Scrambled,Scrambled,Scrambled,2023-09-10T12:55:13,True,31,28
306639,1,2023,1,23573,Danny Gray,WR,6,SF,PIT,Scrambled,Scrambled,Scrambled,Scrambled,2023-09-10T12:55:13,True,31,28
306506,1,2023,1,24421,Cameron Latu,TE,81,SF,PIT,Scrambled,Scrambled,Scrambled,Scrambled,2023-09-10T12:55:13,True,31,28
305778,1,2023,1,24245,Darrell Luter Jr.,CB,28,SF,PIT,Scrambled,Scrambled,Scrambled,Scrambled,2023-09-10T12:55:13,True,31,28
306472,1,2023,1,14900,Ryan Jensen,C,66,TB,MIN,Scrambled,Scrambled,Scrambled,Scrambled,2023-09-10T12:55:13,True,33,20
306242,1,2023,1,20006,Russell Gage,WR,3,TB,MIN,Scrambled,Scrambled,Scrambled,Scrambled,2023-09-10T12:55:13,True,33,20
306587,1,2023,1,24209,Calijah Kancey,DL,94,TB,MIN,Scrambled,Scrambled,Scrambled,Scrambled,2023-09-10T12:55:13,False,33,20
306539,1,2023,1,23463,Kyle Philips,WR,18,TEN,NO,Scrambled,Scrambled,Scrambled,Scrambled,2023-09-10T12:55:13,True,34,22
306224,1,2023,1,24684,Shakel Brown,DT,0,TEN,NO,Scrambled,Scrambled,Scrambled,Scrambled,2023-09-10T12:55:13,True,34,22
306487,1,2023,1,23273,Hassan Haskins,RB,25,TEN,NO,Scrambled,Scrambled,Scrambled,Scrambled,2023-09-10T12:55:13,True,34,22
305755,1,2023,1,23358,Nicholas Petit-Frere,OL,78,TEN,NO,Scrambled,Scrambled,Scrambled,Scrambled,2023-09-10T12:55:13,True,34,22
305741,1,2023,1,22693,Caleb Farley,CB,3,TEN,NO,Scrambled,Scrambled,Scrambled,Scrambled,2023-09-10T12:55:13,True,34,22
305743,1,2023,1,22779,Shaka Toney,DE,58,WAS,ARI,Scrambled,Scrambled,Scrambled,Scrambled,2023-09-10T12:55:13,True,35,1
305766,1,2023,1,23704,Drew White,LB,59,WAS,ARI,Scrambled,Scrambled,Scrambled,Scrambled,2023-09-10T12:55:13,True,35,1
305836,1,2023,1,22393,David Bada,DT,64,WAS,ARI,Scrambled,Scrambled,Scrambled,Scrambled,2023-09-10T12:55:13,True,35,1
306484,1,2023,1,24402,Braeden Daniels,OL,79,WAS,ARI,Scrambled,Scrambled,Scrambled,Scrambled,2023-09-10T12:55:13,True,35,1
306039,1,2023,1,23616,Curtis Brooks,DT,68,WAS,ARI,Scrambled,Scrambled,Scrambled,Scrambled,2023-09-10T12:55:13,True,35,1
306027,1,2023,1,23867,Armani Rogers,TE,88,WAS,ARI,Scrambled,Scrambled,Scrambled,Scrambled,2023-09-10T12:55:13,True,35,1
306029,1,2023,1,19955,Troy Apke,CB,30,WAS,ARI,Scrambled,Scrambled,Scrambled,Scrambled,2023-09-10T12:55:13,True,35,1
306524,1,2023,1,22572,Dax Milne,WR,15,WAS,ARI,Scrambled,Scrambled,Scrambled,Scrambled,2023-09-10T12:55:13,True,35,1
306525,1,2023,1,23276,Phidarian Mathis,DT,98,WAS,ARI,Scrambled,Scrambled,Scrambled,Scrambled,2023-09-10T12:55:13,True,35,1
306715,1,2023,1,17264,Efe Obada,DE,97,WAS,ARI,Scrambled,Scrambled,Scrambled,Scrambled,2023-09-10T12:55:13,True,35,1
